"grant_id","parent_grant_id","grant_name","grant_code","system_block"
288,null,"Все что связано с ремонтом","P__Remont","Модуль для подрядчиков"
289,288,"Вкладки ремонта","P__RemontTabs","Модуль для подрядчиков"
290,288,"Заявки поставщикам","P__ProviderRequests","Модуль для подрядчиков"
291,290,"Показать заявки","P__ShowProviderRequests","Модуль для подрядчиков"
292,289,"Назначение прораба в ремонт","P__AppointProrabInRemont","Модуль для подрядчиков"
293,289,"Назначение бригады в ремонт","P__AppointBrigadeInRemont","Модуль для подрядчиков"
294,289,"Вызов ОКК","P__CallOKK","Модуль для подрядчиков"
295,290,"Перевод в статус Утвержден","P__ChangeStatusToAvailable","Модуль для подрядчиков"
296,290,"Изменение даты отгрузки","P__ChangeShippingDate","Модуль для подрядчиков"
297,290,"Создание доп заявки","P__DSCreate","Модуль для подрядчиков"
298,null,"Оплаты","P__PaymentsMain","Модуль для подрядчиков"
299,null,"Отчеты","P__Reports","Модуль для подрядчиков"
300,null,"Обращения","P__Problems","Модуль для подрядчиков"
301,null,"Журнал договоров","P__ContractorAgreementList","Модуль для подрядчиков"
307,null,"Бригады и мастера","P__BrigadeAndMaster","Модуль для подрядчиков"
308,307,"Бригады","P__Brigade","Модуль для подрядчиков"
309,null,"Учет расходов и доходов","P__AccountingIncomeAndCost","Модуль для подрядчиков"
313,289,"Показать Замеры","P__ShowMeasurements","Модуль для подрядчиков"
314,289,"Показать этапы","P__ShowStages","Модуль для подрядчиков"
315,289,"Показать статусы","P__ShowStatuses","Модуль для подрядчиков"
316,289,"Показать проекты","P__ShowProjects","Модуль для подрядчиков"
317,289,"Показать ГПР и выгрузить в Excel","P__ShowGPR","Модуль для подрядчиков"
318,289,"Текстовый конструктор","P__ShowTextConstructor","Модуль для подрядчиков"
319,289,"Показать материалы сметы","P__ShowSmetaMaterials","Модуль для подрядчиков"
320,289,"Показать историю отгрузки материалов","P__ShowMaterialsShippingHistory","Модуль для подрядчиков"
321,289,"Показать расхождения по смете и выгрузить Excel ","P__ShowDifferenceSmeta","Модуль для подрядчиков"
322,288,"Чат","P__Chat","Модуль для подрядчиков"
323,322,"Отправка сообщений","P__SendMessage","Модуль для подрядчиков"
324,322,"Показать историю сообщений","P__ShowMessages","Модуль для подрядчиков"
325,289,"Показать список доп. работ","P__ShowAdditonalWorksList","Модуль для подрядчиков"
326,289,"Показать чек листы","P__ShowCheckList","Модуль для подрядчиков"
327,289,"Показать и скачать документы","P__ShowAndDownloadDocument","Модуль для подрядчиков"
328,298,"Список оплат по ремонтам","P__PaymentListByRemont","Модуль для подрядчиков"
334,298,"Расшифровка оплаты подрядчику","P__DecodePaymentListContractor","Модуль для подрядчиков"
335,298,"Отчет по ожидаемым оплатам","P__ReportOnExpectedPayments","Модуль для подрядчиков"
336,298,"Платежи","P__Payments","Модуль для подрядчиков"
337,299,"Отчеты для руководителей","P__ReportsForHeads","Модуль для подрядчиков"
338,337,"Показать список отчетов для руководителей","P__ShowReportsForHeads","Модуль для подрядчиков"
339,337,"Выгрузка списка отчетов для руководителей","P__UploadingInExcelReportsForHeads","Модуль для подрядчиков"
340,337,"Подробность для каждого этапа","P__DetailsForEachStage","Модуль для подрядчиков"
341,299,"Отчет ОКК","P__ShowReportsOfOKK","Модуль для подрядчиков"
342,299,"Отчет по ремонтам","P__ReportsByRemont","Модуль для подрядчиков"
343,342,"Показать список","P__ShowReportsByRemont","Модуль для подрядчиков"
344,342,"Редактировать подрядчика в ремонте","P__EditContractorInRemont","Модуль для подрядчиков"
345,299,"Отчет по отгрузке материалов","P__ShowReportsShipmentOfMaterials","Модуль для подрядчиков"
346,299,"Отчет по этапам","P__ShowReportsByStages","Модуль для подрядчиков"
347,299,"Отчет по доп.работам","P__ShowReportsByAdditionalWorks","Модуль для подрядчиков"
348,301,"Выгрузка спецификации(договор)","P__UnloadSpecification","Модуль для подрядчиков"
349,301,"Скачать подписанный документ","P__DownloadSignedDocument","Модуль для подрядчиков"
350,301,"Подписать спецификацию(договор)","P__SignSpecification","Модуль для подрядчиков"
351,301,"Подписать договор присоединения","P__SignAccessionAgreement","Модуль для подрядчиков"
356,308,"Добавить бригаду","P__AddBrigade","Модуль для подрядчиков"
357,308,"Удалить бригаду","P__DeleteBrigade","Модуль для подрядчиков"
358,308,"Редактировать бригаду","P__EditBrigade","Модуль для подрядчиков"
359,307,"Мастера","P__Master","Модуль для подрядчиков"
360,359,"Добавить мастера","P__AddMaster","Модуль для подрядчиков"
361,359,"Удалить мастера","P__DeleteMaster","Модуль для подрядчиков"
362,359,"Редактировать мастера","P__EditMaster","Модуль для подрядчиков"
363,309,"Доход","P__Income","Модуль для подрядчиков"
364,363,"Добавить доход","P__AddIncome","Модуль для подрядчиков"
365,363,"Удалить доход","P__DeleteIncome","Модуль для подрядчиков"
366,363,"Редактировать доход","P__EditIncome","Модуль для подрядчиков"
367,363,"Показать доходы","P__ShowIncomes","Модуль для подрядчиков"
368,309,"Расход","P__Cost","Модуль для подрядчиков"
369,368,"Добавить расход","P__AddCost","Модуль для подрядчиков"
370,368,"Удалить расход","P__DeleteCost","Модуль для подрядчиков"
371,368,"Редактировать расход","P__EditCost","Модуль для подрядчиков"
372,368,"Показать расходы","P__ShowCosts","Модуль для подрядчиков"
373,308,"Показать бригады","P__ShowBrigade","Модуль для подрядчиков"
374,359,"Показать мастеров","P__ShowMasters","Модуль для подрядчиков"
375,300,"Добавление обращение","P__AddProblems","Модуль для подрядчиков"
376,300,"Редактирование обращение","P__EditProblems","Модуль для подрядчиков"
377,300,"Показать обращении","P__ShowProblems","Модуль для подрядчиков"
379,301,"Выгрузка договора присоединения","P__UnloadAccessionAgreement","Модуль для подрядчиков"
380,null,"Paybox","P__PayBox","Модуль для подрядчиков"
381,380,"Показать список ИП в PayBox","P__ContractorListPaybox","Модуль для подрядчиков"
382,380,"Оплатить через PayBox","P__PayByPaybox","Модуль для подрядчиков"
383,null,"Заявки","P__Requests","Модуль для подрядчиков"
384,383,"Показать список заявок","P__ShowProviderRequestsList","Модуль для подрядчиков"
385,383,"Изменение даты отгрузки заявки","P__ProviderRequestChangeDateShipping","Модуль для подрядчиков"
386,383,"Материалы заявки","P__ProviderRequestItems","Модуль для подрядчиков"
387,386,"Показать материалы заявки","P__ProviderRequestItemsList","Модуль для подрядчиков"
388,386,"Изменение даты отгрузки материалов в заявке","P__ProviderRequestItemChangeDateShipping","Модуль для подрядчиков"
389,386,"Изменение статуса материалов в заявке на 'Утвержден подрядчиком'","P__ProviderRequestItemApprove","Модуль для подрядчиков"
390,386,"Изменение статусов определенных материалов в заявке","P__SpecificProviderRequestItemChangeStatus","Модуль для подрядчиков"
406,null,"Настройки","P__Settings","Модуль для подрядчиков"
407,406,"Изменение профиля","P__ChangeProfile","Модуль для подрядчиков"
408,301,"Показать договора","P__ShowAgreementList","Модуль для подрядчиков"
409,301,"Скачать Excel журнал договоров","P__DownloadAgreementListExcel","Модуль для подрядчиков"
410,null,"Поиск по материалам","P__SearchByMaterials","Модуль для подрядчиков"
411,410,"Показать список материалов","P__ShowMaterialList","Модуль для подрядчиков"
412,289,"Показать список ремонтов","P__ShowRemontList","Модуль для подрядчиков"
413,289,"Информация о ремонте","P__ShowInformationAboutRemont","Модуль для подрядчиков"
415,299,"Отчет по тех.особенностям","P__ShowReportTechFeatures","Модуль для подрядчиков"
416,681,"Показать работы ремонта","P__ShowRemontWorkList","Модуль для подрядчиков"
417,298,"Штрафы","P__Penalty","Модуль для подрядчиков"
418,298,"Отчет по лимитам","P__ReportLimit","Модуль для подрядчиков"
419,298,"Оплаты прорабам","P__PaymentManagerProject","Модуль для подрядчиков"
420,298,"Оплата нач.дирекции","P__PaymentHeadDirectorate","Модуль для подрядчиков"
425,383,"История изменений даты отгрузки заявки","P__ShowProviderShippingHistory","Модуль для подрядчиков"
428,289,"Список ремонтов","P__RemontList","Модуль для подрядчиков"
547,null,"Долги","P__Debt","Модуль для подрядчиков"
548,547,"Показать долги","P__ShowDebts","Модуль для подрядчиков"
549,547,"Добавить долг","P__AddDebt","Модуль для подрядчиков"
550,547,"Удалить долг","P__DeleteDebt","Модуль для подрядчиков"
551,547,"Редактировать долг","P__EditDebt","Модуль для подрядчиков"
552,547,"Долги в бригаде","P__TeamDebt","Модуль для подрядчиков"
553,552,"Показать долги бригады","P__ShowTeamDebts","Модуль для подрядчиков"
554,552,"Добавить долг бригады","P__AddTeamDebt","Модуль для подрядчиков"
555,552,"Удалить долг бригады","P__DeleteTeamDebt","Модуль для подрядчиков"
556,552,"Редактировать долг бригады","P__EditTeamDebt","Модуль для подрядчиков"
557,681,"Завершить работу ремонту","P__CompleteRemontWorkList","Модуль для подрядчиков"
562,547,"Показать историю списание с долга","P__ShowDebtHistory","Модуль для подрядчиков"
563,308,"Показать расходы бригады","P__ShowBrigadeCosts","Модуль для подрядчиков"
564,359,"Показать мастеров бригады","P__ShowBrigadeMasters","Модуль для подрядчиков"
565,null,"Доступы для просмотра","P__AccessToView","Модуль для подрядчиков"
566,565,"Доступы по ремонтам","P__AccessToRemont","Модуль для подрядчиков"
567,566,"Доступ ко всем ремонтам организации","P__AccessToAllRemont","Модуль для подрядчиков"
568,566,"Доступ к ремонтам для прораба","P__AccessToRemontForManagerProject","Модуль для подрядчиков"
569,566,"Доступ к ремонтам для бригадира","P__AccessToRemontForBrigadier","Модуль для подрядчиков"
570,566,"Доступы к ремонтам для старшего бригадира","P__AccessToRemontHeadBrigadier","Модуль для подрядчиков"
571,565,"Доступы по просмотру бригад","P__AccessToViewForTeamBrigade","Модуль для подрядчиков"
572,571,"Доступ для бригадира","P__AccessForBrigadier","Модуль для подрядчиков"
573,571,"Доступ для старшего бригадира","P__AccessForHeadBrigadier","Модуль для подрядчиков"
574,571,"Доступ для просмотра всех бригад","P__AccessToAllTeamBrigade","Модуль для подрядчиков"
575,307,"Оплаты для бригад","P__PaymentsForTeamBrigade","Модуль для подрядчиков"
576,575,"Показать оплаты бригад","P__ShowPaymentsForTeamBrigade","Модуль для подрядчиков"
577,566,"Доступ к ремонтом для нач.дир.","P__AccessToRemontHeadDirection","Модуль для подрядчиков"
578,368,"Выгрузка расходов","P__DownloadContractorCostExcel","Модуль для подрядчиков"
579,547,"Выгрузка долгов","P__DownloadDebtExcel","Модуль для подрядчиков"
580,308,"Показать долги бригад","P__ShowBrigadeDebts","Модуль для подрядчиков"
581,308,"Выгрузка долгов бригад","P__DownloadBrigadeDebts","Модуль для подрядчиков"
582,309,"Показать отчет расходов и доходов","P__ShowAccountingReport","Модуль для подрядчиков"
583,309,"Выгрузка отчета расходов и доходов","P__DownloadAccountingReport","Модуль для подрядчиков"
584,null,"Меню","A__Menu","Администрирование"
585,584,"Создать меню","A__CreateMenu","Администрирование"
586,584,"Редактировать меню","A__EditMenu","Администрирование"
587,584,"Удалить меню","A__DeleteMenu","Администрирование"
588,584,"Доступ к меню для сотрудника","A__AppointMenuForEmployee","Администрирование"
589,584,"Показать меню для сотрудника","A__ShowMenusForEmployee","Администрирование"
590,584,"Доступ к меню для роли","A__AppointMenuForGroup","Администрирование"
591,584,"Показать меню для роли","A__ShowMenusForGroup","Администрирование"
592,null,"Права","A__Grant","Администрирование"
593,592,"Создать права","A__CreateGrant","Администрирование"
594,592,"Редактировать права","A__EditGrant","Администрирование"
595,592,"Удалить права","A__DeleteGrant","Администрирование"
596,592,"Права для роли","A__AppointGrantForGroup","Администрирование"
597,592,"Показать права для роли","A__ShowGrantsForGroup","Администрирование"
598,592,"Права для сотруднику","A__AppointGrantForEmployee","Администрирование"
599,592,"Показать права для сотруднику","A__ShowGrantsForEmployee","Администрирование"
600,null,"Дублирование доступов","A__DuplicatePermissons","Администрирование"
601,600,"Дублирование доступов для сотрудника","A__DuplicatePermissionForEmployee","Администрирование"
602,600,"Дублирование доступов для роли","A__DuplicatePermissionForGroup","Администрирование"
603,null,"Сотрудники","A__Employee","Администрирование"
604,603,"Показать список сотрудников","A__ShowEmployees","Администрирование"
605,603,"Добавить сотрудника","A__AddEmployee","Администрирование"
606,603,"Редактировать сотрудника","A__EditEmployee","Администрирование"
607,603,"Сбросить пароль сотруднику","A__DropPassword","Администрирование"
608,603,"Назначить роль","A__AppointGroup","Администрирование"
609,603,"Назначить город","A__AppointCity","Администрирование"
610,603,"Назначить модуль","A__AppointModule","Администрирование"
611,null,"Роли","A__Group","Администрирование"
612,611,"Создать роль","A__CreateGroup","Администрирование"
613,611,"Редактировать роль","A__EditGroup","Администрирование"
614,611,"Удалить роль","A__DeleteGroup","Администрирование"
615,603,"Назначить модуль с правам ""Выдавать""","A__AppointModuleWithGrantOption","Администрирование"
616,641,"Показать детали ремонта","PR__ShowRequestRemontDetails","Модуль для поставщиков"
617,641,"Показать заявки","PR__ShowRequestList","Модуль для поставщиков"
618,641,"Заявка признак ""Самовывоз""","PR__MakeRequestSelfDelivery","Модуль для поставщиков"
619,641,"Показать детали заявки","PR__ShowRequestDetails","Модуль для поставщиков"
621,641,"Создать накладную","PR__CreateRequestInvoice","Модуль для поставщиков"
622,641,"Удалить накладную","PR__DeleteRequestInvoice","Модуль для поставщиков"
623,641,"Выгрузить детали заявки","PR__DownloadRequestDetails","Модуль для поставщиков"
624,640,"Показать популярные материалы","PR__ShowPopularMaterials","Модуль для поставщиков"
625,640,"Показать динамику отгрузок в месяц по суммам","PR__ShowShipmentsPerMonth","Модуль для поставщиков"
626,640,"Показать количество проданных материалов","PR__ShowMaterialSalesReport","Модуль для поставщиков"
627,639,"Поменять данные пользователя","PR__EditAccountInfo","Модуль для поставщиков"
628,639,"Показать данные пользователя","PR__ShowAccountInfo","Модуль для поставщиков"
629,639,"Поменять логин и пароль","PR__ChangeCredentials","Модуль для поставщиков"
630,638,"Показать список материалов","PR__ShowMaterialList","Модуль для поставщиков"
631,638,"Поменять данные материала","PR__ChangeMaterialDetails","Модуль для поставщиков"
632,638,"Показать цены материала","PR__ShowMaterialPriceDetail","Модуль для поставщиков"
633,638,"Удалить цену материала","PR__DeleteMaterialPrice","Модуль для поставщиков"
634,638,"Поменять цену материала","PR__ChangeMaterialPrice","Модуль для поставщиков"
635,638,"Показать запрос цены материала","PR__ShowMaterialPriceRequest","Модуль для поставщиков"
636,638,"Выгрузить список материалов","PR__DownloadMaterialList","Модуль для поставщиков"
637,638,"Выгрузить цены материала","PR__DownloadMaterialPriceRequest","Модуль для поставщиков"
638,null,"Материалы","PR__Materials","Модуль для поставщиков"
639,null,"Пользователь","PR__User","Модуль для поставщиков"
640,null,"Отчет","PR__Report","Модуль для поставщиков"
641,null,"Заявка","PR__Request","Модуль для поставщиков"
642,641,"Поменять статус материала","PR__ChangeRequestMaterialStatus","Модуль для поставщиков"
644,null,"Сверка о поступлении 1 С","A__OneCCompare","Администрирование"
645,1143,"Ремонт","OA__RemontStep","MySpace"
646,645,"Показать ремонт","OA__ShowRemontStep","MySpace"
647,645,"Показать условии ремонта","OA__ShowRemontStepCondition","MySpace"
648,645,"Показать логирование условии ремонта","OA__ShowRemontStepConditionLog","MySpace"
649,1143,"Грейд","OA__GradeStep","MySpace"
650,649,"Показать грейд","OA__ShowGradeStep","MySpace"
651,649,"Возможность двигать шаги","OA__MoveGradeStep","MySpace"
652,663,"Показать платежи со статусом ""Ожидает оплаты""","OA__ShowCosts","MySpace"
653,664,"Показать платежные поручения","OA__ShowFinancePayments","MySpace"
654,663,"Собрать платежное поручение из платежей","OA__CreateFinancePaymentFromCosts","MySpace"
655,664,"Добавить платежное поручение вручную","OA__AddFinancePayment","MySpace"
656,664,"Поменять статус платежного поручения","OA__ChangeFinancePaymentStatus","MySpace"
657,664,"Показать платежи платежного поручения","OA__ShowFinancePaymentItems","MySpace"
658,664,"Изменить дату оплаты платежного поручения","OA__ChangeFinancePaymentPayDate","MySpace"
659,664,"Редактировать платежное поручение","OA__EditFinancePayment","MySpace"
660,662,"Получить спецификацию","OA__GetFinancePaymentSpecification","MySpace"
661,664,"Собрать платежное поручение из платежей учитываю введенную сумму","OA__CreateFinancePaymentFromCostsByAmount","MySpace"
662,null,"Финансы","OA__Finance","MySpace"
663,662,"Ожидает оплаты","OA__Costs","MySpace"
664,662,"Платежные поручения","OA__FinancePayment","MySpace"
665,290,"Создать заявку","P__CreateProviderRequest","Модуль для подрядчиков"
666,290,"Удалить материал с заявки","P__DeleteItemsFromProviderRequest","Модуль для подрядчиков"
667,653,"Показать все платежные поручения","OA__ShowFinancePaymentsAll","MySpace"
668,653,"Показать только платежные поручения, созданные сотрудником","OA__ShowFinancePaymentsForEmployee","MySpace"
669,664,"Скачать выгрузку","OA__DownloadFinancePaymentReport","MySpace"
670,359,"Документы мастера","P__DocumentMaster","Модуль для подрядчиков"
671,670,"Показать документы мастера","P__ReadDocumentMaster","Модуль для подрядчиков"
672,670,"Загрузить документ мастера","P__UploadDocumentMaster","Модуль для подрядчиков"
673,670,"Удалить документ мастера","P__DeleteDocumentMaster","Модуль для подрядчиков"
674,664,"Документы","OA__FinancePaymentDocument","MySpace"
675,674,"Прикрепить документы","OA__AttachFinancePaymentDocument","MySpace"
676,674,"Показать документы","OA__ShowFinancePaymentDocument","MySpace"
677,674,"Удалить документ","OA__DeleteFinancePaymentDocument","MySpace"
678,653,"Показать платежные поручения техпроекта","OA__ShowFinancePaymentsTechProject","MySpace"
679,681,"Показать CheckGroupCall","P__ShowCheckGroupCall","Модуль для подрядчиков"
680,663,"Удалить платеж","OA__DeleteCosts","MySpace"
681,289,"Работы","P__RemontWork","Модуль для подрядчиков"
682,681,"Вызов","P__CallRemontWorkList","Модуль для подрядчиков"
683,649,"Показать условии грейда","OA__ShowGradeStepCondition","MySpace"
684,649,"Показать действия грейда","OA__ShowGradeStepActivity","MySpace"
685,649,"Показать условия вхождения грейда","OA__ShowGradeStepIncludeCondition","MySpace"
686,645,"Показать действия ремонта","OA__ShowRemontStepActivity","MySpace"
687,289,"Показать стоимость ремонтных работ","P__ShowRemontWorkCost","Модуль для подрядчиков"
688,359,"Внешние мастера","P__ExternalMasters","Модуль для подрядчиков"
689,688,"Показать внешних мастеров","P__ShowExternalMasters","Модуль для подрядчиков"
690,688,"Назначить внешнего мастера","P__AppointExternalMasters","Модуль для подрядчиков"
691,688,"Показывать неактивных внешних мастеров","P__ShowExternalNotActiveMasters","Модуль для подрядчиков"
692,688,"Убрать внешнего мастера","P__RemoveExternalMasters","Модуль для подрядчиков"
693,null,"Форма ремонта","OA__RemontForm","MySpace"
694,693,"Шапка","OA__RemontFormHeader","MySpace"
695,704,"Реквизиты","OA__RemontFormRequisiteTab","MySpace"
698,695,"Информация о клиенте","OA__RemontFormClientInfoBlock","MySpace"
699,695,"Информация о ремонте","OA__RemontFormRemontInfoBlock","MySpace"
700,694,"Выгрузка документов","Выгрузка документов","MySpace"
701,695,"Банковские реквизиты","OA__RemontFormBankRequisiteBlock","MySpace"
702,695,"Скидки, рассрочки, акции","OA__RemontFormSaleBlock","MySpace"
703,695,"Интеграция с 1с","OA__RemontFormIntegration1CBlock","MySpace"
704,693,"Вкладки","OA__RemontFormTabulation","MySpace"
705,704,"Галочки","OA__RemontFormRemontMarkStepTab","MySpace"
706,694,"Показать шапку","OA__ShowRemontFormHeader","MySpace"
707,704,"Ответственные лица","OA__RemontFormResponsibleOfficialTab","MySpace"
708,707,"Ответственные лица","OA__RemontFormResponsibleOfficialBlock","MySpace"
709,705,"Галочки","OA__RemontFormRemontMarkStepBlock","MySpace"
710,704,"Передача ключей","OA__RemontFormKeyReceiveTab","MySpace"
711,710,"Передача ключей","OA__RemontFormKeyReceiveBlock","MySpace"
712,704,"Текстовый конструктор","OA__RemontFormClientMaterialTab","MySpace"
713,712,"Текстовый конструктор","OA__RemontFormClientMaterialBlock","MySpace"
714,704,"ГПР","OA__RemontFormGPRStageTab","MySpace"
715,714,"ГПР","OA__RemontFormGPRStageBlock","MySpace"
716,704,"Этапы","OA__RemontFormRemontStageTab","MySpace"
717,716,"Этапы","OA__RemontFormRemontStageBlock","MySpace"
718,716,"Вызов на группу работ","OA__RemontFormWorkSetCheckGroupBlock","MySpace"
719,704,"Проекты ремонта","OA__RemontFormProjectRemontTab","MySpace"
720,719,"Проекты ремонта","OA__RemontFormProjectRemontBlock","MySpace"
721,719,"Ссылка на 3D замеры","OA__RemontForm3DMeasurementsBlock","MySpace"
722,704,"Платежи","OA__RemontFormPaymentTab","MySpace"
723,722,"Список траншей","OA__RemontFormTrancheBlock","MySpace"
724,722,"Список расходов","OA__RemontFormCostBlock","MySpace"
725,722,"Список платежей от клиента","OA__RemontFormClientPaymentBlock","MySpace"
726,704,"Документы","OA__RemontFormDocumentTab","MySpace"
727,726,"Документы","OA__RemontFormDocumentBlock","MySpace"
728,704,"Доп. соглашения","OA__RemontFormDSTab","MySpace"
729,728,"Доп. соглашения","OA__RemontFormDSBlock","MySpace"
730,704,"Материалы сметы","OA__RemontFormMaterialSmetaTab","MySpace"
731,730,"Чистовые материалы","OA__RemontFormMaterialNotDirtyBlock","MySpace"
732,730,"Черновые материалы","OA__RemontFormMaterialDirtyBlock","MySpace"
733,704,"Чат","OA__RemontFormChatTab","MySpace"
734,733,"Чат","OA__RemontFormChatBlock","MySpace"
735,704,"Заявки для гарантии","OA__RemontFormGrtRequestTab","MySpace"
736,735,"Заявки для гарантии","OA__RemontFormGrtRequestBlock","MySpace"
737,704,"Замеры","OA__RemontFormMeasureOverallTab","MySpace"
738,737,"Замеры","OA__RemontFormMeasureBlock","MySpace"
739,737,"Замеры дизайнера","OA__RemontFormDesignMeasureBlock","MySpace"
740,737,"Замеры прораба","OA__RemontFormContractorMeasureBlock","MySpace"
741,704,"Чек-листы","OA__RemontFormCheckListTab","MySpace"
742,741,"Этапы","OA__RemontFormCheckListStageBlock","MySpace"
743,741,"ЧО","OA__RemontFormCheckListDraftBlock","MySpace"
744,693,"Действия","OA__RemontFormAction","MySpace"
745,744,"Чек-листы (Действия)","OA__RemontFormCheckListAction","MySpace"
746,745,"Показать фотографии","OA__RemontFormCheckListShowPhoto","MySpace"
747,1142,"Быстрый поиск","OA__RemontFormQuickSearch","MySpace"
748,744,"Ответственные лица (Действия)","OA__RemontFormResponsibleOfficialAction","MySpace"
749,748,"История смены ответственных лиц","OA__RemontFormResponsibleOfficialShowHistory","MySpace"
750,748,"Сменить подрядчика","OA__RemontFormResponsibleOfficialUpdateContractor","MySpace"
751,748,"Сменить ОКК","OA__RemontFormResponsibleOfficialUpdateOKK","MySpace"
752,748,"Сменить генерального подрядчика","OA__RemontFormResponsibleOfficialUpdateGeneralContractor","MySpace"
753,748,"Сменить проектного менеджера","OA__RemontFormResponsibleOfficialUpdateInnerMaster","MySpace"
754,748,"Сменить разработчика тех.проекта (контрагент)","OA__RemontFormResponsibleOfficialUpdateTechprojectDeveloper","MySpace"
755,748,"Сменить разработчика тех.проекта (пользователь)","OA__RemontFormResponsibleOfficialUpdateTechprojectEmployee","MySpace"
756,748,"Сменить прораба","OA__RemontFormResponsibleOfficialUpdateManagerProject","MySpace"
757,748,"Сменить начальника дирекции","OA__RemontFormResponsibleOfficialUpdateHeadDirection","MySpace"
758,748,"Сменить контрагента по сопровождению","OA__RemontFormResponsibleOfficialUpdateSupportManager","MySpace"
759,744,"Передача ключей (Действия)","OA__RemontFormKeyReceiveAction","MySpace"
760,759,"Изменить количество ключей и брелоков","OA__RemontFormKeyReceiveUpdateKeyTrinket","MySpace"
761,759,"Добавить запись о передаче ключа","OA__RemontFormKeyReceiveAdd","MySpace"
762,759,"Редактировать запись о передаче ключа","OA__RemontFormKeyReceiveUpdate","MySpace"
763,759,"Удалить запись о передаче ключа","OA__RemontFormKeyReceiveDelete","MySpace"
764,744,"Проекты ремонта (Действия)","OA__RemontFormProjectRemontAction","MySpace"
765,764,"Изменить ссылку на 3D замеры","OA__RemontFormProjectRemontUpdateMeasureReference","MySpace"
766,764,"Удалить проект ремонта","OA__RemontFormProjectRemontDelete","MySpace"
767,764,"Отозвать проект ремонта","OA__RemontFormProjectRemontRefund","MySpace"
768,764,"Отправить в чат проект ремонта","OA__RemontFormProjectRemontChatSend","MySpace"
769,764,"Добавить проект ремонта","OA__RemontFormProjectAdd","MySpace"
770,764,"Редактировать проект ремонта","OA__RemontFormProjectUpdate","MySpace"
771,764,"Утвердить проект ремонта","OA__RemontFormProjectRemontAccept","MySpace"
772,744,"Замеры (Действия)","OA__RemontFormMeasureOverallAction","MySpace"
773,777,"Показать замеры комнаты","OA__RemontFormMeasureRoomDetail","MySpace"
774,777,"Корректировать комнату в планировке","OA__RemontFormMeasureModifyRoom","MySpace"
775,777,"Подтвердить замеры","OA__RemontFormMeasureConfirm","MySpace"
776,777,"Сохранить замеры","OA__RemontFormMeasureSave","MySpace"
777,772,"Замеры планировки","OA__RemontFormMeasureAction","MySpace"
778,772,"Замеры дизайнера","OA__RemontFormDesignMeasureAction","MySpace"
779,778,"Сохранить замеры дизайнера","OA__RemontFormDesignMeasureSave","MySpace"
780,772,"Замеры прораба","OA__RemontFormContractorMeasureAction","MySpace"
781,780,"Сохранить замеры прораба","OA__RemontFormContractorMeasureSave","MySpace"
782,744,"Платежи (Действия)","OA__RemontFormPaymentAction","MySpace"
783,782,"Транши (Действия)","OA__RemontFormPaymentTrancheAction","MySpace"
784,783,"Добавить транш","OA__RemontFormPaymentTrancheAdd","MySpace"
785,783,"Редактировать транш","OA__RemontFormPaymentTrancheUpdate","MySpace"
786,783,"Удалить транш","OA__RemontFormPaymentTrancheDelete","MySpace"
787,782,"Платежи от клиента (Действия)","OA__RemontFormPaymentClientPaymentAction","MySpace"
788,787,"Добавить платеж от клиента","OA__RemontFormPaymentClientPaymentAdd","MySpace"
789,787,"Редактировать платеж от клиента","OA__RemontFormPaymentClientPaymentUpdate","MySpace"
790,787,"Удалить платеж от клиента","OA__RemontFormPaymentClientPaymentDelete","MySpace"
791,787,"Изменить тип клиента в платеже клиента","OA__RemontFormPaymentClientPaymentChangeClientType","MySpace"
792,782,"Расходы (Действия)","OA__RemontFormPaymentCostAction","MySpace"
793,792,"Добавить расход","OA__RemontFormPaymentCostAdd","MySpace"
794,792,"Редактировать расход","OA__RemontFormPaymentCostUpdate","MySpace"
795,792,"Удалить расход","OA__RemontFormPaymentCostDelete","MySpace"
796,792,"Показать расходы детально","OA__RemontFormPaymentCostItemShow","MySpace"
797,744,"Чат (Действия)","OA__RemontFormChatAction","MySpace"
798,797,"Показать сообщения чата","OA__RemontFormChatMessageShow","MySpace"
799,797,"Отправить сообщение","OA__RemontFormChatSendMessage","MySpace"
800,797,"Редактировать сообщение","OA__RemontFormChatUpdateMessage","MySpace"
801,797,"Удалить сообщение","OA__RemontFormChatDeleteMessage","MySpace"
802,797,"Удалить файл из сообщения","OA__RemontFormChatDeleteFile","MySpace"
803,744,"Реквизиты (Действия)","OA__RemontFormRequisiteAction","MySpace"
804,803,"Показать номер телефона","OA__RemontFormRequisitePhoneNumberShow","MySpace"
805,744,"Текстовый конструктор (Действия)","OA__RemontFormClientMaterialAction","MySpace"
806,805,"Заполнить данные о количестве материалов","OA__RemontFormClientMaterialFillMaterialCount","MySpace"
807,744,"ГПР (Действия)","OA__RemontFormGPRStageAction","MySpace"
808,807,"Пересчитать даты этапов ГПР","OA__RemontFormGPRStageRecount","MySpace"
809,807,"Выгрузить в Excel ГПР","OA__RemontFormGPRStageExcel","MySpace"
810,744,"Материалы сметы (Действия)","OA__RemontFormMaterialSmetaAction","MySpace"
811,810,"Создать заявку","OA__RemontFormMaterialSmetaCreateRequest","MySpace"
812,704,"Спецификации","OA__RemontFormContractorAgreementTab","MySpace"
813,812,"Спецификации","OA__RemontFormContractorAgreementBlock","MySpace"
814,744,"Галочки (Действия)","OA__RemontFormRemontMarkStepAction","MySpace"
815,814,"Отметить галочку","OA__RemontFormRemontMarkStepMark","MySpace"
816,803,"Показать номер телефона контактного лица","OA__RemontFormRequisitePropContactPhoneShow","MySpace"
817,744,"Этапы (Действия)","OA__RemontFormRemontStageAction","MySpace"
818,817,"Добавить этап","OA__RemontFormRemontStageAdd","MySpace"
819,716,"История ожидания клиента","OA__RemontFormAcceptWaitBlock","MySpace"
820,817,"Замечания устранены","OA__RemontFormAcceptWaitEliminate","MySpace"
821,716,"История проверок ЧО","OA__RemontFormDraftCheckBlock","MySpace"
822,744,"Документы (Действия)","OA__RemontFormDocumentAction","MySpace"
823,822,"Добавить документ","OA__RemontFormDocumentAdd","MySpace"
824,822,"Редактировать документ","OA__RemontFormDocumentUpdate","MySpace"
825,822,"Удалить документ","OA__RemontFormDocumentDelete","MySpace"
828,688,"Вызов внешнего мастера","P__CallExternalMaster","Модуль для подрядчиков"
829,null,"Справочники","OA__Handbook","MySpace"
830,829,"Конструктив","OA__HandbookWorkSet","MySpace"
831,830,"Показать конструктивы","OA__HandbookWorkSetShow","MySpace"
832,830,"Редактировать конструктив","OA__HandbookWorkSetUpdate","MySpace"
1029,663,"Отменить платеж","OA__CancelCosts","MySpace"
1030,566,"Доступ к ремонтом для мастеров по услугам","P__AccessToRemontForServiceMaster","Модуль для подрядчиков"
1031,829,"Шаблоны уведомлений","OA__HandbookNoticeTemplate","MySpace"
1032,1031,"Показать шаблоны уведомлений","OA__HandbookNoticeTemplateShow","MySpace"
1034,1031,"Добавить шаблон уведомления","OA__HandbookNoticeTemplateAdd","MySpace"
1035,1031,"Редактировать шаблон уведомления","OA__HandbookNoticeTemplateUpdate","MySpace"
1036,1031,"Удалить шаблон уведомления","OA__HandbookNoticeTemplateDelete","MySpace"
1037,829,"Поставщики","OA__HandbookProvider","MySpace"
1038,1037,"Показать поставщиков","OA__HandbookProviderShow","MySpace"
1039,1037,"Редактировать поставщика","OA__HandbookProviderUpdate","MySpace"
1040,829,"Договор поставщиков","OA__HandbookProviderAgreement","MySpace"
1041,1040,"Показать договор поставщиков","OA__HandbookProviderAgreementShow","MySpace"
1042,1040,"Добавить договор поставщика","OA__HandbookProviderAgreementAdd","MySpace"
1043,1040,"Редактировать договор поставщика","OA__HandbookProviderAgreementUpdate","MySpace"
1044,1040,"Удалить договор поставщика","OA__HandbookProviderAgreementDelete","MySpace"
1045,289,"Показать назначенных мастеров","P__ShowRemontMaster","Модуль для подрядчиков"
1046,829,"Файлы организации","OA__HandbookOrgFile","MySpace"
1047,1046,"Показать файлы организации","OA__HandbookOrgFileShow","MySpace"
1048,1046,"Добавить файл организации","OA__HandbookOrgFileAdd","MySpace"
1049,1046,"Удалить файл организации","OA__HandbookOrgFileDelete","MySpace"
1050,662,"Ожидает возврата","OA__CostsRefund","MySpace"
1051,1050,"Показать платежи","OA__CostsRefundShow","MySpace"
1052,307,"Внешние мастера","P__ExternalMaster","Модуль для подрядчиков"
1053,1052,"Показать список внешних мастеров","P__ExternalMasterShow","Модуль для подрядчиков"
1054,307,"Мастера по услугам","P__ServiceMaster","Модуль для подрядчиков"
1055,1054,"Показать список мастеров по услугам","P__ServiceMasterShow","Модуль для подрядчиков"
1056,307,"Мастера по специализации","P__SpecialityMaster","Модуль для подрядчиков"
1057,1056,"Показать список мастеров по специализации","P__SpecialityMasterShow","Модуль для подрядчиков"
1058,289,"Показать назначенных мастеров по услугам","P__ShowRemontMasterService","Модуль для подрядчиков"
1059,1065,"Мастера по услугам","OA__MasterPaymentServiceMaster","MySpace"
1060,1059,"Показать мастеров по услугам","OA__MasterPaymentServiceMasterShow","MySpace"
1061,1063,"Оплата мастерам","P__MasterPayment","Модуль для подрядчиков"
1062,1061,"Показать оплаты мастерам по ИП","P__MasterPaymentShow","Модуль для подрядчиков"
1063,null,"Финансы","P__Finance","Модуль для подрядчиков"
1064,1061,"Показать оплаты мастерам","P__MasterPaymentShowAll","Модуль для подрядчиков"
1065,null,"Оплаты мастерам","OA__MasterPayment","MySpace"
1067,1061,"Показать подписанные документы","P__MasterPaymentShowDocument","Модуль для подрядчиков"
1068,1061,"Скачать подписанный документ","P__MasterPaymentDownloadDocument","Модуль для подрядчиков"
1069,1061,"Подписать платеж","P__MasterPaymentSign","Модуль для подрядчиков"
1070,289,"Показать пресет","P__RemontPresetShow","Модуль для подрядчиков"
1071,1061,"Отменить платеж","P__MasterPaymentCancel","Модуль для подрядчиков"
1072,681,"Обновить группы работ","P__UpdateWcheck","Модуль для подрядчиков"
1073,1052,"Показать отчет по внешним мастерам","P__ShowExternalMastersPayment","Модуль для подрядчиков"
1074,null,"Показать список мастеров","A__ShowTeamMaster","Администрирование"
1075,null,"Генератор отчетов","OA__ReportGenerator","MySpace"
1076,1075,"Показать отчеты","OA__ReportGeneratorShow","MySpace"
1077,1075,"Показать параметры отчета","OA__ReportGeneratorParametersShow","MySpace"
1078,1061,"Скачать квитанцию","P__MasterPaymentReceipt","Модуль для подрядчиков"
1079,null,"Ручное изменение данных","OA__ManualModification","MySpace"
1080,1075,"Выгрузить отчет","OA__ReportGeneratorExcel","MySpace"
1081,1079,"Показать отчеты","OA__ManualModificationShow","MySpace"
1082,1079,"Запустить отчет","OA__ManualModificationExecute","MySpace"
1083,1079,"Показать параметры отчета","OA__ManualModificationParametersShow","MySpace"
1084,744,"Доп. соглашения (Действия)","OA__RemontFormDSAction","MySpace"
1085,1084,"Добавить ДС","OA__RemontFormDSAdd","MySpace"
1086,1084,"Редактировать ДС","OA__RemontFormDSEdit","MySpace"
1087,1084,"Изменение состава и квадратуры комнат (Действия)","OA__RemontFormDSRoomChangeAction","MySpace"
1088,1087,"Показать комнаты ДС","OA__RemontFormDSRoomChangeShow","MySpace"
1089,1087,"Добавить комнату ДС","OA__RemontFormDSRoomChangeAdd","MySpace"
1090,1087,"Редактировать комнату ДС","OA__RemontFormDSRoomChangeEdit","MySpace"
1091,1087,"Удалить комнату ДС","OA__RemontFormDSRoomChangeDelete","MySpace"
1092,1084,"Утвердить ДС","OA__RemontFormDSAccept","MySpace"
1093,1084,"Удалить ДС","OA__RemontFormDSDelete","MySpace"
1094,1084,"Отправить на подписание ДС","OA__RemontFormDSSendSign","MySpace"
1095,1084,"Показать доступные комнаты ДС","OA__RemontFormDSRoomShow","MySpace"
1096,641,"Создать ссылку","PR__RequestCreateLink","Модуль для поставщиков"
1097,641,"Редактировать ссылку","PR__RequestEditLink","Модуль для поставщиков"
1098,1099,"Показать список поставщиков","PR__ShowProviderList","Модуль для поставщиков"
1099,null,"Общие","PR_Common","Модуль для поставщиков"
1100,641,"Удалить ссылку","PR__RequestDeleteLink","Модуль для поставщиков"
1101,641,"Обновить ссылку","PR__RequestRenewLink","Модуль для поставщиков"
1102,1084,"Скачать шаблон ДС","OA__RemontFormDSDownloadDS","MySpace"
1103,782,"Общие суммы платежей","OA__RemontFormPaymentAmountRead","MySpace"
1104,681,"Завершить работу мастера","P__MasterCompletedWork","Модуль для подрядчиков"
1105,566,"Доступ к ремонтом для внешних мастеров","P__AccessToRemontForExternalMaster","Модуль для подрядчиков"
1106,645,"Редактировать ""Условия""","OA__UpdateRemontStepCondition","MySpace"
1107,645,"Редактировать ""Действия""","OA__UpdateRemontStepActivity","MySpace"
1108,645,"Запуск проверки ""Условия"" и ""Действия""","OA__CheckRemontStepConditionActivity","MySpace"
1109,299,"Отчет по оплатам мастерам","P__ShowContractorCostMasterPayment","Модуль для подрядчиков"
1110,829," Версия мобильного приложения","OA__HandbookMobileAppVersion","MySpace"
1111,1110," Показать версии мобильных приложений","OA__HandbookMobileAppVersionShow","MySpace"
1112,1110,"Добавить версию приложение","OA__HandbookMobileAppVersionAdd","MySpace"
1113,1110,"Удалить версию приложение","OA__HandbookMobileAppVersionDelete","MySpace"
1114,null,"Отчеты для руководителей","OA__MNGReport","MySpace"
1115,1114,"Показать типы отчета руководителей","OA__MNGReportGroupRead","MySpace"
1116,1114,"Показать отчет руководителей","OA__MNGReportShow","MySpace"
1117,1114,"Данные с действия из отчета руководителей","OA__MNGReportActionDataShow","MySpace"
1118,1117,"Показать данные (Комментарий)","OA__MNGReportCommentActionDataShow","MySpace"
1119,1117,"Показать данные (Назначение ответственных лиц)","OA__MNGReportEmployeeSetActionDataShow","MySpace"
1120,1117,"Показать данные (NPS сопровождение)","OA__MNGReportNPSSupportActionDataShow","MySpace"
1121,1117,"Показать данные (Просмотр дедлайнов)","OA__MNGReportWcheckDeadlineViewActionDataShow","MySpace"
1122,1117,"Показать данные (Принятие на гарантию)","OA__MNGReportWarrantyAcceptActionDataShow","MySpace"
1123,1117,"Показать данные (Назначить ОКК)","OA__MNGReportResidentOKKActionDataShow","MySpace"
1124,1117,"Показать данные (Квартиры ЖК)","OA__MNGReportResidentFlatListActionDataShow","MySpace"
1125,1114,"Действия в отчете руководителей","OA__MNGReportAction","MySpace"
1126,1125,"Добавить комментарий в отчете руководителей","OA__MNGReportCommentActionAdd","MySpace"
1127,1125,"Удалить комментарий в отчете руководителей","OA__MNGReportCommentActionDelete","MySpace"
1128,1125,"Назначение ответственных лиц через отчет руководителей","OA__MNGReportEmployeeSetAction","MySpace"
1129,1125,"Проставить оценки по NPS сопровождение в отчете руководителей","OA__MNGReportNPSSupportAction","MySpace"
1130,1125,"NPS без оценки (сопровождение) в отчете руководителей","OA__MNGReportNPSSupportActionSkip","MySpace"
1131,1125,"Подтвердить наличие материалов в отчете руководителей","OA__MNGReportMaterialIsSetActionAccept","MySpace"
1132,1125,"Проставление дедлайна в отчете руководителей","OA__MNGReportWcheckDeadlineAction","MySpace"
1133,1125,"Принятие на гарантию в отчете руководителей","OA__MNGReportWarrantyAcceptAction","MySpace"
1134,1125,"Назначить ОКК в отчете руководителей","OA__MNGReportResidentOKKAction","MySpace"
1135,1114,"Выгрузить отчет руководителей","OA__MNGReportExcel","MySpace"
1136,748,"Сменить куратора","OA__RemontFormResponsibleOfficialUpdateSupervisor","MySpace"
1137,1125,"Прожатие галочки готовность замеров в отчете руководителей","OA__MNGReportMeasureReadyAction","MySpace"
1138,694,"Поменять грейд заявки","OA__RemontFormHeaderUpdateGrade","MySpace"
1139,694,"Добавить таймлайн","OA__RemontFormHeaderAddTimeline","MySpace"
1140,694,"Активация/Деактивация таймлайна","OA__TimelineRemontStepUpdateIsStopTimeline","MySpace"
1141,1142,"Показать историю поиска","OA__RemontFormQuickSearchHistoryShow","MySpace"
1142,744,"Быстрый поиск (Действия)","OA__RemontFormQuickSearchAction","MySpace"
1143,null,"Таймлайн","OA__Timeline","MySpace"
1144,1143,"Справочник таймлайна","OA__TimelineHandbook","MySpace"
1145,1144,"Действия","OA__TimelineHandbookActivity","MySpace"
1146,1145,"Показать действия","OA__TimelineHandbookActivityShow","MySpace"
1147,1145,"Добавить действие","OA__TimelineHandbookActivityAdd","MySpace"
1148,1145,"Редактировать действие","OA__TimelineHandbookActivityUpdate","MySpace"
1149,1145,"Удалить действие","OA__TimelineHandbookActivityDelete","MySpace"
1150,1144,"Действия в шаге","OA__TimelineHandbookStepActivity","MySpace"
1151,1150,"Добавить действие в шаг","OA__TimelineHandbookStepActivityAdd","MySpace"
1152,1150,"Показать действия в шаге","OA__TimelineHandbookStepActivityShow","MySpace"
1153,1150,"Редактировать действие в шаге","OA__TimelineHandbookStepActivityUpdate","MySpace"
1154,1150,"Удалить действие в шаге","OA__TimelineHandbookStepActivityDelete","MySpace"
1155,1144,"Показать типы действий","OA__TimelineHandbookActivityTypeShow","MySpace"
1156,1164,"Показать шаги","OA__TimelineHandbookStepShow","MySpace"
1157,289,"Назначить подрядчика","P__AssignContractorRemont","Модуль для подрядчиков"
1158,649,"Показать список ремонтов где нет определенного действие","OA__ShowGradeStepNotIncludedRemontActivity","MySpace"
1159,649,"Добавить действия в ремонт где нет определенного действие","OA__AddGradeStepNotIncludedRemontActivity","MySpace"
1160,704,"Таймлайн","OA__RemontFormTimelineTab","MySpace"
1161,1160,"Таймлайн (Блок)","OA__RemontFormTimelineBlock","MySpace"
1162,566,"Доступ ко всем ремонтам","P__AccessToEveryRemont","Модуль для подрядчиков"
1163,641,"Отгрузка","PR__ChangeRequestStatus","Модуль для поставщиков"
1164,1144,"Шаги","OA__TimelineHandbookStep","MySpace"
1165,1164,"Добавить шаг","OA__TimelineHandbookStepAdd","MySpace"
1166,1164,"Редактировать шаг","OA__TimelineHandbookStepUpdate","MySpace"
1167,1164,"Удалить шаг","OA__TimelineHandbookStepDelete","MySpace"
1168,1144,"Шаги в грейде","OA__TimelineHandbookGradeStep","MySpace"
1169,1168,"Показать шаги в грейде","OA__TimelineHandbookGradeStepShow","MySpace"
1170,1168,"Добавить шаг в грейд","OA__TimelineHandbookGradeStepAdd","MySpace"
1171,1168,"Активировать/Деактивировать шаг в грейде","OA__TimelineHandbookGradeStepIsActive","MySpace"
1172,1168,"Удалить шаг в грейде","OA__TimelineHandbookGradeStepDelete","MySpace"
1173,1144,"Предшествующие связанные шаги","OA__TimelineHandbookGradeStepLink","MySpace"
1174,1173,"Показать предшествующие связанные шаги","OA__TimelineHandbookGradeStepLinkShow","MySpace"
1175,1173,"Добавить предшествующий связанный шаг","OA__TimelineHandbookGradeStepLinkAdd","MySpace"
1176,1173,"Удалить предшествующий связанный шаг","OA__TimelineHandbookGradeStepLinkDelete","MySpace"
1179,744,"Сервисы (Действия)","OA__RemontFormRemontServiceAction","MySpace"
1181,704,"Сервисы","OA__RemontFormRemontServiceTab","MySpace"
1182,1181,"Сервисы (Блок)","OA__RemontFormRemontServiceBlock","MySpace"
1183,1179,"Редактировать сервис","OA__RemontFormRemontServiceUpdate","MySpace"
1184,1144,"Условия","OA__TimelineHandbookStepCondition","MySpace"
1185,1184,"Показать условия","OA__TimelineHandbookStepConditionShow","MySpace"
1186,1184,"Добавить условие в шаг","OA__TimelineHandbookStepConditionAdd","MySpace"
1187,1184,"Редактировать условие в шаге","OA__TimelineHandbookStepConditionUpdate","MySpace"
1188,1184,"Удалить условие в шаге","OA__TimelineHandbookStepConditionDelete","MySpace"
1189,1144,"Показать типы условий","OA__TimelineHandbookConditionTypeShow","MySpace"
1190,649,"Показать список ремонтов где нет определенного шага","OA__ShowGradeStepNotIncludedRemontStep","MySpace"
1191,649,"Добавить шаг в ремонт где нет определенного шага","OA__AddGradeStepNotIncludedRemontStep","MySpace"
1192,649,"Показать список ремонтов где нет определенного условие","OA__ShowGradeStepNotIncludedRemontCondition","MySpace"
1193,649,"Добавить условие в ремонт где нет определенного условие","OA__AddGradeStepNotIncludedRemontCondition","MySpace"
1194,744,"Завяки для гарантии (Действия)","OA__RemontFormGrtRequestAction","MySpace"
1195,1194,"Показать историю собственников квартиры","OA__RemontFormGrtRequestClientHistoryShow","MySpace"
1196,1194,"Получить информацию об заявке на гарантию","OA__RemontFormGrtRequestInfoGet","MySpace"
1197,1194,"Показать историю редактирование статуса заявки на гарантию","OA__RemontFormGrtRequestStatusChronologyShow","MySpace"
1198,1194,"Редактировать статус заявку на гарантию","OA__RemontFormGrtRequestStatusUpdate","MySpace"
1199,1194,"Показать документы от клиента в заявке на гарантию","OA__RemontFormGrtRequestClientDocumentShow","MySpace"
1200,1194,"Удалить документ от клиента из заявки на гарантию","OA__RemontFormGrtRequestDocumentDelete","MySpace"
1202,1194,"Назначить подрядчика в заявке на гарантию","OA__RemontFormGrtRequestContractorSet","MySpace"
1203,1194,"Назначить менеджера ГО в заявке на гарантию","OA__RemontFormGrtRequestManagerSet","MySpace"
1204,1194,"Показать документы дефектного акта в заявке на гарантию","OA__RemontFormGrtRequestDefectDocumentShow","MySpace"
1205,1194,"Показать документы АПП в заявке на гарантию","OA__RemontFormGrtRequestAPPDocumentShow","MySpace"
1206,704,"Старый ДС","OA__RemontFormRemontOldDS","MySpace"
1207,744,"Спецификации (Действия)","OA__RemontFormContractorAgreementAction","MySpace"
1208,1207,"Отменить спецификацию","OA__RemontFormContractorAgreementCancel","MySpace"
1209,1207,"Удалить подпись","OA__RemontFormContractorAgreementDeleteSign","MySpace"
1210,1207,"Создать ДС","OA__RemontFormContractorAgreementEndDSCreate","MySpace"
1211,1207,"Подписать спецификацию","OA__RemontFormContractorAgreementSign","MySpace"
1212,1207,"Добавить спецификацию","OA__RemontFormContractorAgreementAdd","MySpace"
1213,737,"Замеры*","OA__RemontFormNewMeasureBlock","MySpace"
1214,704,"Заявки поставщику","OA__RemontFormProviderRequest","MySpace"
1215,1084,"Изменение суммы ДС на ноль","OA__RemontFormDSSumChange","MySpace"
1216,null,"Список должностей","A__CommonPositionShow","Администрирование"
1217,817,"Принять МП","OA__RemontFormWorkSetCheckGroupCheckDesign","MySpace"
1218,704,"Материалы","OA__RemontFormMaterialTab","MySpace"
1219,1218,"Материалы (Блок)","OA__RemontFormMaterialBlock","MySpace"
1220,704,"Материалы в единицах продажи","OA__RemontFormAdditionTab","MySpace"
1221,1220,"Материалы в единицах продажи (Блок)","OA__RemontFormAdditionBlock","MySpace"
1222,704,"Смета *","OA__RemontFormSebesSmetaTab","MySpace"
1223,1222,"Смета * (Блок)","OA__RemontFormSebesSmetaBlock","MySpace"
1224,704,"Смета по материалам *","OA__RemontFormSebesSmetaWholeTab","MySpace"
1225,1224,"Смета по материалам * (Блок)","OA__RemontFormSebesSmetaWholeBlock","MySpace"
1226,748,"Сменить главного подрядчика","OA__RemontFormResponsibleOfficialUpdateContractorMain","MySpace"
1227,null,"Заявки проектировщиков","OA__TechprojectRequestList","MySpace"
1228,1227,"Показать заявки проектировщиков","OA__TechprojectRequestListShow","MySpace"
1229,704,"Технические особенности","OA__RemontFormTechFeatureTab","MySpace"
1230,1229,"Технические особенности (Блок)","OA__RemontFormTechFeatureBlock","MySpace"
1231,744,"Технические особенности (Действия)","OA__RemontFormTechFeatureAction","MySpace"
1232,1231,"Редактировать техническую особенность","OA__RemontFormTechFeatureUpdate","MySpace"
1233,640,"Редактировать планирование материалов поставщиком","PR__ShowShippingPlan","Модуль для поставщиков"
1234,289,"Передача ключей","P__ShowKeyReceive","Модуль для подрядчиков"
1235,null," Финансы                          ","Финансы","Smart Remont"
1236,null," Материалы                        ","Материалы","Smart Remont"
1237,null," Поставщики                       ","Поставщики","Smart Remont"
1238,null," Дубликаты                        ","Дубликаты","Smart Remont"
1239,null," Проекты                          ","Проекты","Smart Remont"
1240,null," Акции                            ","Акции","Smart Remont"
1241,null," Гарантия                         ","Гарантия","Smart Remont"
1242,null," Услуги                           ","Услуги","Smart Remont"
1243,null," Администрирование                ","Администрирование","Smart Remont"
1244,null," Склады                           ","Склады","Smart Remont"
1245,null," Комнаты                          ","Комнаты","Smart Remont"
1246,null," Скрипты                          ","Скрипты","Smart Remont"
1247,null," Авторизация                      ","Авторизация","Smart Remont"
1248,null," Дефекты                          ","Дефекты","Smart Remont"
1249,null," Отчеты                           ","Отчеты","Smart Remont"
1250,null," Ревит                            ","Ревит","Smart Remont"
1251,null," Конструктивы                     ","Конструктивы","Smart Remont"
1252,null," ГПР                              ","ГПР","Smart Remont"
1253,null," Ремонт                           ","Ремонт","Smart Remont"
1254,null," Клиенты                          ","Клиенты","Smart Remont"
1255,null," Смета                            ","Смета","Smart Remont"
1256,null," Планировки                       ","Планировки","Smart Remont"
1257,null," Подряды                          ","Подряды","Smart Remont"
1258,null," Документы                        ","Документы","Smart Remont"
1259,null," Параметры                        ","Параметры","Smart Remont"
1260,null," CRM                              ","CRM","Smart Remont"
1261,null," Аналитика                        ","Аналитика","Smart Remont"
1262,null," Настройки ОР                     ","Настройки ОР","Smart Remont"
1263,null," BI                               ","BI","Smart Remont"
1264,null," Сервисы                          ","Сервисы","Smart Remont"
1265,null," ДДУ                              ","ДДУ","Smart Remont"
1266,null," Активности                       ","Активности","Smart Remont"
1274,1253,"Присвоение юр даты старта СМР","assign_jur_remont_begin_date_to_smr_start","Smart Remont"
1276,1084,"Изменение суммы ДС","OA__RemontFormDSSumChangeToAny","MySpace"
1277,299,"Ремонты с юр датами по дате перехода на гарантию","P__ReportJurDateWarrantyShow","Модуль для подрядчиков"
1278,337,"Выгрузка отчета руководителей","P__MNGReportExcel","Модуль для подрядчиков"
1279,1236,"Настройка свойств материала","material_prop","Smart Remont"
1280,1257,"Изменение этапов без полной оплаты(remont_id)","uncheck_remont_pay_check","Smart Remont"
1281,566,"Доступ к ремонтам для подрядчика","P__AccessToRemontForContractor","Модуль для подрядчиков"
1282,566,"Доступ к ремонтам для главного подрядчика","P__AccessToRemontForGeneralContractor","Модуль для подрядчиков"
1283,1256,"Радактирование распознание планировок","upd_flat_image_resident","Smart Remont"
1284,592,"Удаление вызова ОКК в партнер","manual__delete_check_group_call_item","Smart Remont"
1285,1236,"material_category","material_category","Smart Remont"
1287,1236,"Добавление доп фото материала ","material_photo_upd","Smart Remont"
1288,289,"P__ShowRemontCheckList","P__ShowRemontCheckList","Модуль для подрядчиков"
1290,288,"Вкладки","P__RemontInfoTabulation","Модуль для подрядчиков"
1291,1290,"Документы","P__RemontInfoDocumentTab","Модуль для подрядчиков"
1292,1290,"Чек листы","P__RemontInfoCheckListTab","Модуль для подрядчиков"
1293,1290,"Доп. работы","P__RemontInfoAdditionalWorkTab","Модуль для подрядчиков"
1294,1290,"Чат","P__RemontInfoChatTab","Модуль для подрядчиков"
1295,1290,"Расхождения по смете","P__RemontInfoSmetaDiscrepancyTab","Модуль для подрядчиков"
1296,1290,"Передача ключей","P__RemontInfoKeyTab","Модуль для подрядчиков"
1297,1290,"История отгрузки материалов","P__RemontInfoMaterialShipHistoryTab","Модуль для подрядчиков"
1298,1290,"Материалы сметы","P__RemontInfoMaterialSmetaTab","Модуль для подрядчиков"
1299,1290,"Текстовый конструктор","P__RemontInfoTKTab","Модуль для подрядчиков"
1300,1290,"ГПР","P__RemontInfoGPRTab","Модуль для подрядчиков"
1301,1290,"Обращение","P__RemontInfoProblemsTab","Модуль для подрядчиков"
1302,1290,"Проекты","P__RemontInfoProjectTab","Модуль для подрядчиков"
1303,1290,"Статусы","P__RemontInfoStatusTab","Модуль для подрядчиков"
1304,1290,"Учет","P__RemontInfoAccountingTab","Модуль для подрядчиков"
1305,1290,"Этапы","P__RemontInfoStageTab","Модуль для подрядчиков"
1306,1290,"Мастера","P__RemontInfoMasterTab","Модуль для подрядчиков"
1307,1290,"Работы","P__RemontInfoWorkTab","Модуль для подрядчиков"
1308,1290,"Замеры","P__RemontInfoMeasureTab","Модуль для подрядчиков"
1309,1290,"Заявки","P__RemontInfoRequestTab","Модуль для подрядчиков"
1310,1290,"О Ремонте","P__RemontInfoTab","Модуль для подрядчиков"
1311,null,"Без группы","NONE_GROUP","Smart Remont"
1312,1265,"Смена даты и номера договора ДДУ заявки","ddu_prop_num_date_modify","Smart Remont"
1313,1290,"Фотоотчет этапов","P__RemontInfoStagePhotos","Модуль для подрядчиков"
1314,289,"Показать фотоотчет","P__ShowRemontPhotos","Модуль для подрядчиков"
1315,289,"Добавить фото","P__AddRemontPhotos","Модуль для подрядчиков"
1316,830,"Показать историю цены конструктива","OA__HandbookWorkSetPriceHistoryShow","MySpace"
1317,830,"Добавить цену конструктиву","OA__HandbookWorkSetPriceAdd","MySpace"
1318,830,"Добавить вложенный конструктив","OA__HandbookWorkSetLinkAdd","MySpace"
1319,830,"Удалить вложенный констркутив","OA__HandbookWorkSetLinkDelete","MySpace"
1320,830,"Удалить цену конструктива","OA__HandbookWorkSetPriceDelete","MySpace"
1321,830,"Добавить CWS","OA__HandbookWorkSetCWSAdd","MySpace"
1322,830,"Удалить CWS","OA__HandbookWorkSetCWSDelete","MySpace"
1323,830,"Редактировать CWS","OA__HandbookWorkSetCWSUpdate","MySpace"
1324,1236,"Зануление материала в ДС Изменение ТК","zero_tk_ds_item_price","Smart Remont"
1325,662,"Реализация","OA__RemontRealisation","MySpace"
1326,1325,"Показать реализацию","OA__RemontRealisationShow","MySpace"
1327,1325,"Подтвердить информацию клиента","OA__RemontRealisationInfoAccept","MySpace"
1328,1325,"Отправить в 1с","OA__RemontRealisationSendTo1c","MySpace"
1329,1325,"Пересчитать реализацию","OA__RemontRealisationRecount","MySpace"
1330,829,"Подрядчики","OA__HandbookContractor","MySpace"
1331,829,"Дизайн студии","OA__HandbookTechprojectDeveloper","MySpace"
1332,1330,"Показать подрядчиков","OA__HandbookContractorShow","MySpace"
1333,1330,"Редактирование подрядчиков","OA__HandbookContractorUpdate","MySpace"
1334,1331,"Показать дизайн студии","OA__HandbookTechprojectDeveloperShow","MySpace"
1335,1331,"Редактировать дизайн студии","OA__HandbookTechprojectDeveloperUpdate","MySpace"
1336,1084,"Изменение ТК","OA__RemontFormDSTk","MySpace"
1337,1336,"Показать Изменения ТК","OA__RemontFormDSTkShow","MySpace"
1338,1336,"Редактирование Изменения ТК","OA__RemontFormDSTkUpd","MySpace"
1340,1330,"Отправить в 1с","OA__HandbookContractorSendTo1c","MySpace"
1341,1037,"Отправить в 1с","OA__HandbookProviderSendTo1c","MySpace"
1342,1331,"Отправить в 1с","OA__HandbookTechprojectDeveloperSendTo1c","MySpace"
1343,null,"Комиссии","Комиссии","Smart Remont"
1344,1343,"Редактирование комиссий","fee_tab__modify","Smart Remont"
1345,1343,"Связка комиссий","fee__link","Smart Remont"
1346,1249,"Редактирование даты заявки","cr_prop_date__modify","Smart Remont"
1348,1237," Создания Доп заявок партнерами","provider_request_additional_create_partner","Smart Remont"
1349,640,"Показать договоры","PR__ShowAgreement","Модуль для поставщиков"
1350,640,"Показать статус оплаты накладных","PR__ShowInvoicePayment","Модуль для поставщиков"
1351,1257,"Ручное изменение суммы спецификации","manual__specification_change_sum","Smart Remont"
1352,1257,"Ручное изменение шаблона спецификации","manual__specification_change_template","Smart Remont"
1353,694,"Измененять признак ""Авто оплата мастерам""","OA__RemontFormHeaderIsMasterPay","MySpace"
1354,null,"Мобильный partner для мастеров","P__Mobile","Модуль для подрядчиков"
1355,1354,"Показать список ремонтов для мастера","P__MobileRemontListShow","Модуль для подрядчиков"
1356,1354,"Показать детальную информацию о ремонте для мастера","P__MobileRemontInfoShow","Модуль для подрядчиков"
1357,1354,"Принять работу мастера","P__MobileRemontAccept","Модуль для подрядчиков"
1358,1354,"Фото/видео до начало работ","P__MobileRemontMediaBeforeWork","Модуль для подрядчиков"
1359,1354,"Отправить на проверку ОКК","P__MobileRemontMediaSubmitWork","Модуль для подрядчиков"
1360,1354,"Отправить запрос на передачу ключей","P__MobileRemontKeySendRequest","Модуль для подрядчиков"
1361,1354,"Принять ключ","P__MobileKeyAccept","Модуль для подрядчиков"
1362,1354,"Проверка ОКК (мобильный)","P__MobileRemontMediaOKKCheck","Модуль для подрядчиков"
1363,1354,"Показать список уведомлений","P__MobileNotifyListShow","Модуль для подрядчиков"
1364,null,"Диспетчер","P__Dispatcher","Модуль для подрядчиков"
1365,1364,"Показать список ремонтов","P__DispatcherRemontListShow","Модуль для подрядчиков"
1366,1364,"Показать информацию о ремонте","P__DispatcherRemontInfoShow","Модуль для подрядчиков"
1367,1364,"Показать список мастеров","P__DispatcherMasterListShow","Модуль для подрядчиков"
1368,1364,"Показать занятость мастера","P__DispatcherMasterBusynessShow","Модуль для подрядчиков"
1369,1364,"Отправить запрос мастеру","P__DispatcherMasterRequest","Модуль для подрядчиков"
1370,1364,"Показать список ОКК запросов ремонта","P__DispatcherOKKShow","Модуль для подрядчиков"
1371,1364,"Проверка ОКК","P__DispatcherOKKCheck","Модуль для подрядчиков"
1372,null,"Выгрузка в Excel для формирования QR кодов","ml_group_read_for_qr","Smart Remont"
1373,null,"Проставление / Удаление признака QR код сформирован","ml_group_set_qr_generated","Smart Remont"
1374,662,"Баланс","OA__Balance","MySpace"
1375,1374,"Показать баланс","OA__BalanceShow","MySpace"
1376,null,"Заявки поставщикам","OA__ProviderRequest","MySpace"
1377,1376,"Просмотр Заявок поставщикам","OA__ProviderRequestList","MySpace"
1378,1376,"Распечатать заявки поставщику","OA__ProviderRequestPrint","MySpace"
1379,694,"Изменить признак ремонта ""Предгарантийные проверки""","OA__RemontFormHeaderPreWarrantyAccept","MySpace"
1380,1364,"Показывать информацию работы","P__DispatcherWorkSetInfoShow","Модуль для подрядчиков"
1381,null,"Заложенные пакеты","flat_cho","Smart Remont"
1382,1381,"Список помещении с заложенным ремонтом","flat_cho__read","Smart Remont"
1383,1381,"Прикрепление заложенного пакета","flat_cho_preset_kit__insert","Smart Remont"
1384,1381,"Прикрепление заложенного пакета на группу помещении","flat_cho_preset_kit__insert_arr","Smart Remont"
1385,1381,"Открепление заложенного пакета","flat_cho_preset_kit__del","Smart Remont"
1386,1354,"Показать меню","P__MobileMenuShow","Модуль для подрядчиков"
1387,1354,"Показать список конструктивов","P__MobileWorkSetListShow","Модуль для подрядчиков"
1388,null,"Заявки подрядчику","P__ContractorRequest","Модуль для подрядчиков"
1389,1388,"Показать заявки подрядчику","P__ContractorRequestShow","Модуль для подрядчиков"
1390,1388,"Принять/Отказать заявку подрядчику","P__ContractorRequestAccept","Модуль для подрядчиков"
1391,1330,"Данные для remarket","OA__HandbookContractorProfileUpd","MySpace"
1392,null,"Черновая","OA__FloorMap","MySpace"
1393,1392,"Показать список квартир","OA__FloorMapFlatRead","MySpace"
1394,1392,"Загруппировать этажи","OA__FloorMapFlatGrouping","MySpace"
1395,1392,"Показать список доступных цветов","OA__FloorMapFlatColoursRead","MySpace"
1396,1392,"Показать схему","OA__FloorMapFloorParamRead","MySpace"
1397,1392,"Показать детали","OA__FloorMapFloorParamDetailsRead","MySpace"
1398,1392,"Дублировать схемы","OA__FloorMapFloorParamDuplicate","MySpace"
1399,1392,"Замена по стояку","OA__FloorMapFloorParamReplacement","MySpace"
1400,1392,"Показать легенду","OA__FloorMapFloorParamTypesRead","MySpace"
1401,829,"Редактирование шоу-рума","OA__HandbookShowRoomUpd","MySpace"
1403,null,"Материалы поставщиков","OA__MaterialProvider","MySpace"
1404,1403,"Показать материалы поставщика","OA__MaterialProviderShow","MySpace"
1405,1403,"Редактирование материалов поставщика","OA__MaterialProviderUpd","MySpace"
1406,1403,"Показать историю цен","OA__MaterialProviderPriceShow","MySpace"
1407,1403,"Добавление цены материала поставщика","OA__MaterialProviderPriceUpd","MySpace"
1408,null,"Материалы","OA__Material","MySpace"
1409,1408,"Показать материалы общее","OA__MaterialAllShow","MySpace"
1410,1336,"Сканирование QR","OA__MaterialQrGet","MySpace"
1411,1408,"Отдел закупа","OA__MaterialZakup","MySpace"
1412,1411,"Показать материалы закупа","OA__MaterialZakupShow","MySpace"
1413,1411,"Получить данные материала","OA__MaterialZakupGet","MySpace"
1414,1411,"Редактирование материлов отделом закупа","OA__MaterialZakupUpd","MySpace"
1415,1408,"Сметный отдел","OA__MaterialSmetniy","MySpace"
1416,1415,"Просмотр сметным отделом","OA__MaterialSmetniyShow","MySpace"
1417,1415,"Получить материлым сметным отделом","OA__MaterialSmetniyGet","MySpace"
1418,1415,"Редактирование материлов сметного отдела","OA__MaterialSmetniyUpd","MySpace"
1419,1415,"Редактирование лимитов материала","OA__MaterialSmetniyThreshold","MySpace"
1420,1408,"Материалы конструктора","OA__MaterialConstructor","MySpace"
1421,1420,"Показать материалы конструктора","OA__MaterialConstructorShow","MySpace"
1422,1420,"Получить материалы конструктора","OA__MaterialConstructorGet","MySpace"
1423,1420,"Редактирование материалов конструктора","OA__MaterialConstructorUpd","MySpace"
1424,1420,"Редактирование Фотографий по комнатам","OA__MaterialRoomPictureUpd","MySpace"
1425,1420,"Редактирование Описание для кухни","OA__MaterialKitchenUpd","MySpace"
1426,1420,"Редактирование Доп фото материала","OA__MaterialPhotoUpd","MySpace"
1427,1420,"Редактировать свойства материала","OA__MaterialPropUpd","MySpace"
1428,1392,"Показать информацию схемы","OA__FloorMapGetInfo","MySpace"
1429,1392,"Добавить схему","OA__FloorMapAdd","MySpace"
1430,1392,"Редактировать схему","OA__FloorMapEdit","MySpace"
1431,1392,"Удалить линию","OA__FloorMapFloorParamDelete","MySpace"
1432,1392,"Редактировать линию","OA__FloorMapFloorParamUpdate","MySpace"
1433,1392,"Показать комнаты в зависимости от выбранной квартиры","OA__FloorMapFloorParamRoomShow","MySpace"
1434,1392,"Показать данные с буффера","OA__FloorMapFloorParamBufferShow","MySpace"
1435,1392,"Редактировать данные линии","OA__FloorMapFloorParamDetailUpdate","MySpace"
1436,1392,"Разблокировать/Заблокировать конструктив","OA__FloorMapFloorParamTypeBlock","MySpace"
1437,1392,"Показать все данные с буффер","OA__FloorBufferShow","MySpace"
1438,1392,"Удалить буффер","OA__FloorBufferDelete","MySpace"
1439,829,"Справочник МОП","F__FlatMop","MySpace"
1440,1392,"Показать ошибки схемы","OA__FloorMapErrorCheck","MySpace"
1441,1439,"Просмотр МОП","F__FlatMopRead","MySpace"
1442,1439,"Редактирование справочника МОП","F__FlatMopUpd","MySpace"
1443,1392,"Список конструкций по ЖК","OA__FloorMapFrame","MySpace"
1444,1443,"Просмотр конструкций","OA__FloorMapFrameRead","MySpace"
1445,1443,"Редактирование конструкций","OA__FloorMapFrameUpd","MySpace"
1447,null,"Просмотр истории номеров телефона","get_phone_hist","CRM Продаж"
1448,1392,"Смета по черновой","OA__FloorParamSmeta","MySpace"
1449,1448,"Просмотр сметы по черновым","OA__FloorParamSmetaRead","MySpace"
1450,1392,"Показать типы параметров по подъезду","OA__FloorMapFlatFloorParamTypesRead","MySpace"
1451,1392,"Заполнить переменные","OA__FloorMapFlatObjectParamFill","MySpace"
1452,1392,"Создать ремонты","OA__FloorMapFlatRemontCreate","MySpace"
1453,1392,"Пересчитать схему этажа","OA__FloorMapRecalculate","MySpace"
1455,null,"Уведомления в CRM","crm_notice","CRM Продаж"
1456,1455,"Редактирование CRM уведомлений","crm_notice_upd","CRM Продаж"
1457,1455,"Рассылка CRM уведомлений","crm_notice_send","CRM Продаж"
1458,1455,"Администратор CRM уведомлений","crm_notice_admin","CRM Продаж"
1459,null,"Форма проекта","M__ProjectForm","Мастер"
1460,1459,"Вкладки","M__ProjectFormTabulation","Мастер"
1461,1460,"Общее","M__ProjectFormInfoTab","Мастер"
1462,1461,"Общая информация","M__ProjectFormInfoBlock","Мастер"
1463,1460,"Работы","M__ProjectFormWorkTab","Мастер"
1464,1463,"Квартиры","M__ProjectFormFlatBlock","Мастер"
1465,1460,"Материалы","M__ProjectFormMaterialTab","Мастер"
1466,1465,"Материалы","M__ProjectFormMaterialBlock","Мастер"
1467,1459,"Действия","M__ProjectFormAction","Мастер"
1468,1467,"Общее","M__ProjectFormGeneralAction","Мастер"
1469,1468,"Показать список ЖК","M__ProjectFormGeneralResidentShow","Мастер"
1470,1468,"Показать список подъездов","M__ProjectFormGeneralEntranceShow","Мастер"
1471,1468,"Показать квартиры","M__ProjectFormGeneralFlatShow","Мастер"
1472,1467,"Информация о проекте","M__ProjectFormInfoAction","Мастер"
1473,1472,"Показать информацию о проекте","M__ProjectFormInfoShow","Мастер"
1474,1467,"Работы проекта","M__ProjectFormWorkSetAction","Мастер"
1475,1474,"Показать работы проекта","M__ProjectFormWorkSetShow","Мастер"
1476,1467,"Материалы","M__ProjectFormProviderRequestAction","Мастер"
1477,1476,"Показать заявки на материал","M__ProjectFormProviderRequestShow","Мастер"
1478,1476,"Показать материалы","M__ProjectFormProviderRequestMaterialShow","Мастер"
1479,1476,"Создать заявку на материал","M__ProjectFormProviderRequestCreate","Мастер"
1480,1467,"Схема этажа","M__ProjectFormFloorMapAction","Мастер"
1481,1480,"Показать информацию о схеме","M__ProjectFormFloorMapInfoShow","Мастер"
1482,1480,"Показать список работ схемы этажа","M__ProjectFormFloorMapWorkSetShow","Мастер"
1483,1480,"Показать линии в зависимости от выбранного конструктива","M__ProjectFormFloorMapFloorParamByWorkSetShow","Мастер"
1484,1480,"Вызов ОКК","M__ProjectFormFloorMapOKKCall","Мастер"
1485,1480,"Завершить работу","M__ProjectFormFloorMapWorkSetComplete","Мастер"
1486,1480,"Показать материалы","M__ProjectFormFloorMapMaterialShow","Мастер"
1487,1236,"Изменение цены материала в ДС  Изменение ТК","upd_tk_ds_item_price","Smart Remont"
1488,1392,"Проект","OA__FloorMapProject","MySpace"
1489,1488,"Просмотр проектов","OA__FloorMapProjectRead","MySpace"
1490,1488,"Редактирование проекта","OA__FloorMapProjectUpd","MySpace"
1491,1460,"Платежи","M__ProjectFormRemontCostTab","Мастер"
1492,1491,"Платежи","M__ProjectFormRemontCostBlock","Мастер"
1493,1460,"Документы","M__ProjectFormDocumentTab","Мастер"
1494,1493,"Документы","M__ProjectFormDocumentBlock","Мастер"
1495,1476,"Удалить заявку на материал","M__ProjectFormProviderRequestDelete","Мастер"
1496,1467,"Платежи (Действия)","M__ProjectFormRemontCostAction","Мастер"
1497,1496,"Показать платежи","M__ProjectFormRemontCostShow","Мастер"
1498,1496,"Подписать платеж","M__ProjectFormRemontCostSign","Мастер"
1499,1496,"Скачать подписанный платеж","M__ProjectFormRemontCostDownloadSignedDocument","Мастер"
1500,1467,"Документы (Действия)","M__ProjectFormDocumentAction","Мастер"
1501,1500,"Показать документы","M__ProjectFormDocumentShow","Мастер"
1502,1500,"Поменять дату документа","M__ProjectFormDocumentDateChange","Мастер"
1503,1500,"Показать доступные группы работ","M__ProjectFormDocumentWorkSetCheckGroupShow","Мастер"
1504,null,"Мобильное ОКК","M__MobileOKK","Мастер"
1505,1504,"Показать список вызовов","M__MobileOKKCallShow","Мастер"
1506,1504,"Принять вызов","M__MobileOKKCallCheck","Мастер"
1507,1480,"Показать замечания","M__ProjectFormFloorMapCheckPointShow","Мастер"
1508,1480,"Показать OpenSpace","M__ProjectFormFloorMapOpenspaceShow","Мастер"
1509,1500,"Подписать документ","M__ProjectFormDocumentSign","Мастер"
1510,1500,"Скачать подписанный документ","M__ProjectFormDocumentDownloadSignedDocument","Мастер"
1511,1460,"Этапы","M__ProjectFormStagesTab","Мастер"
1512,1511,"Просмотр этапов","M__ProjectFormStagesBlock","Мастер"
1513,1468,"Показать типы проектов","M__ProjectFormGeneralProjectTypeShow","Мастер"
1514,1480,"Показать список схем этажей","M__ProjectFormFloorMapShow","Мастер"
1515,1480,"Добавление ссылки openspace для схемы этажа","M__ProjectFormOpenspaceAdd","Мастер"
1516,1480,"Удаление ссылки openspace из схемы этажа","M__ProjectFormOpenspaceDelete","Мастер"
1517,1488,"Трансфер данных проекта","OA__FloorMapProjectTransfer","MySpace"
1518,1392,"Материалы схемы этажа","OA__FloorMapMaterial","MySpace"
1519,1518,"Показать список работ","OA__FloorMapMaterialWorkSetRead","MySpace"
1520,1518,"Показать материалы работы","OA__FloorMapMaterialRead","MySpace"
1521,1518,"Показать список этажей","OA__FloorMapMaterialLevelRead","MySpace"
1522,1518,"Поменять материал","OA__FloorMapMaterialChange","MySpace"
1523,1488,"Поменять статус проекта на старт СМР","OA__FloorMapProjectChangeStatus","MySpace"
1524,1392,"Настройки параметров этажа","OA__FloorMapParamSettings","MySpace"
1525,1524,"Параметры этажа","OA__FloorMapParamSettingsType","MySpace"
1526,1524,"Привязка к типу проекта","OA__FloorMapParamSettingsLink","MySpace"
1527,1524,"Привязка к параметрам","OA__FloorMapParamSettingsParam","MySpace"
1528,1525,"Показать параметры этажа","OA__FloorMapParamSettingsTypeRead","MySpace"
1529,1525,"Обновить параметры этажа","OA__FloorMapParamSettingsTypeUpdate","MySpace"
1530,1525,"Удалить параметры этажа","OA__FloorMapParamSettingsTypeDelete","MySpace"
1531,1526,"Показать привязку к типу проекта","OA__FloorMapParamSettingsLinkRead","MySpace"
1532,1526,"Обновить привязку к типу проекта","OA__FloorMapParamSettingsLinkUpdate","MySpace"
1533,1526,"Удалить привязку к типу проекта","OA__FloorMapParamSettingsLinkDelete","MySpace"
1534,1527,"Показать привязку к параметрам","OA__FloorMapParamSettingsParamRead","MySpace"
1535,1527,"Обновить привязку к параметрам","OA__FloorMapParamSettingsParamUpdate","MySpace"
1536,1527,"Удалить привязку к параметрам","OA__FloorMapParamSettingsParamDelete","MySpace"
1537,1488,"Заполнить этажи","OA__FloorMapProjectFillFlat","MySpace"
1538,null,"Занесение в пакет","M__PresetMaterial","Мастер"
1539,1538,"Просмотр материалов пакета","M__PresetMaterialRead","Мастер"
1540,1538,"Добавление материалов пакета","M__PresetMaterialUpd","Мастер"
1541,1538,"Удаление материалов пакета","M__PresetMaterialDel","Мастер"
1542,829,"Фоновые задачи","OA__HandBook_CronJob","MySpace"
1543,1542,"Показать фоновые задачи","OA__HandBook_CronJobRead","MySpace"
1544,1488,"Скачать проект Договора SBS","OA__ProjectAgreementDownloadSignedAgreement","MySpace"
1546,1496,"Отправить АВР в 1С","OA__FloorMapProjectAVRSendToBI","Мастер"
1547,1468,"Отправить договор в 1С","OA__FloorMapProjectAgreementSendToBI","Мастер"
10001,1235," Изменение суммы платежа контрагента(finance_contragent_payment_sum_upd)                           ","finance_contragent_payment_sum_upd","Smart Remont"
10002,1235," Удаление платежа клиента(del_client_request_payment)                                              ","del_client_request_payment","Smart Remont"
10003,1236," Удаление материала(del_material)                                                                  ","del_material","Smart Remont"
10004,1237," Удаление, редактирование, добавление материала поставщика(material_provider)                      ","material_provider","Smart Remont"
10005,1237," Удаление позиции заявки поставщику (Снабженцы)                                                    ","del_provider_request_item","Smart Remont"
10006,1238," Функционал удаления аналогов и дубликатов (md_duplicate)                                          ","md_duplicate","Smart Remont"
10007,1236," Материалы групповые операции (ml_group_set_active)                                                ","ml_group_set_active","Smart Remont"
10008,1236," Материалы ед.изм (ml_group_set_measure)                                                           ","ml_group_set_measure","Smart Remont"
10009,1237," Длительность поставки типа материала поставщиком (provider_material_type_duration)                ","provider_material_type_duration","Smart Remont"
10010,1237," Создание доп заявки на сегодня или завтра (provider_request_additional_create_today)              ","provider_request_additional_create_today","Smart Remont"
10011,1237," Смена типа заявки поставщику (provider_request_is_from_warehouse_change)                          ","provider_request_is_from_warehouse_change","Smart Remont"
10012,1239," Утверждение проекта (remont_project_accept)                                                       ","remont_project_accept","Smart Remont"
10013,1240," Добавление второй акции (remont_sale_upd)                                                         ","remont_sale_upd","Smart Remont"
10014,1236," Изменение цены материала в ДС (upd_ds_item_price)                                                 ","upd_ds_item_price","Smart Remont"
10015,1241," Принятие на гарантию (upd_guarantee_accept)                                                       ","upd_guarantee_accept","Smart Remont"
10016,1236," Редактирование материала (upd_material)                                                           ","upd_material","Smart Remont"
10017,1242," Редактирование услуги (upd_material_service)                                                      ","upd_material_service","Smart Remont"
10018,1243," Ведение прав для функционала                                                                      ","USER_RIGHT","Smart Remont"
10019,1235," Редактирование траншей (upd_tranche)                                                              ","upd_tranche","Smart Remont"
10020,1235," Удаление траншей (del_tranche)                                                                    ","del_tranche","Smart Remont"
10022,1243," Администрирование тестирование прав                                                               ","RIGHT_TEST","Smart Remont"
10024,1244," Редактирование своего склада                                                                      ","upd_own_warehouse","Smart Remont"
10025,1244," Архивирование на складе Фархат                                                                    ","card_set_archive","Smart Remont"
10026,1245," Какие параметры можно использовать в комнате                                                      ","upd_room_param","Smart Remont"
10027,1246," Скрипты для закрытия дней                                                                         ","CLOSE_PERIOD_SCRIPTS","Smart Remont"
10029,1247," Ссылка на авторизацию админам                                                                     ","AUTH_LINK","Smart Remont"
10030,1247," Ссылка на авторизацию поставщики                                                                  ","AUTH_LINK_PROVIDER","Smart Remont"
10031,1247," Ссылка на авторизацию подрядчики                                                                  ","AUTH_LINK_CONTRACTOR","Smart Remont"
10046,1235," Оплата мастерам(insert_remont_costs_master)                                                       ","master_payment","Smart Remont"
10048,1248," Настройка дефектов                                                                                ","DEFECT_SETTING","Smart Remont"
10049,1248," Дефектные акты по ремонтам                                                                        ","DEFECT_REMONT_INPUT","Smart Remont"
10054,1244," Отчет по инвенту                                                                                  ","INVENT_REPORT","Smart Remont"
10055,1244," Редактирование инвента                                                                            ","INVENT_UPD_DEL","Smart Remont"
10056,1249," Редактирование, удаление генераторов отчетов                                                      ","REPORT_UPD_DEL","Smart Remont"
10057,1250," Загрузка данных с Ревита                                                                          ","revit__file_parse","Smart Remont"
10058,1250," Перенести замеры с Ревита                                                                         ","revit__measure_save","Smart Remont"
10059,1236," Прожатие галочки Материалы в наличии                                                              ","mark_material_isset","Smart Remont"
10060,1236," Список материалов закупа                                                                          ","material__zakup_read","Smart Remont"
10061,1236," Редактирование материала отделом закупа                                                           ","material__zakup_upd","Smart Remont"
10062,1236," Получить материал закупа                                                                          ","material__zakup_get","Smart Remont"
10063,1236," Получить материал для Максата                                                                     ","material__constructor_get","Smart Remont"
10064,1236," Список материалов для Максата                                                                     ","material__constructor_read","Smart Remont"
10065,1236," Редактирование материала для Максата                                                              ","material__constructor_upd","Smart Remont"
10066,1236," Редактирование материала (сметы) отделом сметы                                                    ","material__smetiy_upd","Smart Remont"
10067,1236," Список материалов для сметного отдела                                                             ","material__smetniy_read","Smart Remont"
10068,1251," Активация/деактивация конструктива                                                                ","constructor__work_set_room_active","Smart Remont"
10069,1251," Удаление, редактирование, добавление материала пресета(preset_material)                           ","constructor__preset_material","Smart Remont"
10070,1251," Удаление, редактирование, добавление материала работ(work_material)                               ","constructor__work_material","Smart Remont"
10071,1251," Удаление, редактирование, добавление, активация работ(work)                                       ","constructor__work","Smart Remont"
10072,1236," Удаление, редактирование, добавление наборов материалов(material_set)                             ","material_set","Smart Remont"
10073,1251," Утверждение материала пресета(approve_preset_material)                                            ","constructor__preset_material_approve","Smart Remont"
10074,1251," Утверждение материала работ(approve_work_set_item_material)                                       ","constructor__work_set_item_material","Smart Remont"
10075,1251," Утверждение работ(approve_work_set_item)                                                          ","constructor__work_set_item","Smart Remont"
10076,1236," Утверждение набора материалов                                                                     ","material_set_approve","Smart Remont"
10116,1244," Добавление материала инвентаризации                                                               ","insert_inventory_material","Smart Remont"
10117,1236," Получить материал конструктора                                                                    ","material__smetniy_get","Smart Remont"
10118,1237," Редактирование поставщика                                                                         ","provider__edit","Smart Remont"
10119,1252," Добавление, редактирование, удаление остановки ГПР(gpr_pause)                                     ","gpr_pause","Smart Remont"
10120,1252," Утверждение остановки ГПР(gpr_pause_accept)                                                       ","gpr_pause_accept","Smart Remont"
10121,1239," Удаление этапа в ремонте (remont_stage_del)                                                       ","remont_stage_del","Smart Remont"
10131,1235," Сменить тип клиента, в платежах (change_payment_client_type)                                      ","change_payment_client_type","Smart Remont"
10132,1237," Добавление накладных SR                                                                           ","PROVIDER_REQUEST_INVOICE","Smart Remont"
10133,1237," Обновление цен пресетов подрядчика                                                                ","contractor_preset_price_upd","Smart Remont"
10134,1239," Очистить ГУИД и переотправить в 1С завку на ремонт                                                ","client_request_guid_clear","Smart Remont"
10135,1248," Перевод на статус Деньги запрошены (ДА)                                                           ","defect__money_requested","Smart Remont"
10136,1248," Перевод на статус Оплачено (ДА)                                                                   ","defect__paid","Smart Remont"
10137,1248," Загрузка подписанной сметы (ДА)                                                                   ","defect__signed_smeta_upd","Smart Remont"
10138,1248," Выгрузка консолидированной сметы (ДА)                                                             ","defect__smeta_unload","Smart Remont"
10139,1235," Принят платежное поручение на оплату (Финансы)                                                    ","finance_payment_accept","Smart Remont"
10140,1235," Принят платеж контрагенту на оплату (Финансы)                                                     ","contragent_payment_accept","Smart Remont"
10141,1236," Изменение ед. измерения материала в базовых операциях                                             ","material_unit_change","Smart Remont"
10142,1253," Список ремонтов для первичного замера                                                             ","draft_measure","Smart Remont"
10143,1235," Изменение гуид инфойс FF Даурен Б.                                                                ","ff_invoice_guid_upd","Smart Remont"
10144,1237," Редактирование материала поставщика (Услуги)                                                      ","material_provider_service","Smart Remont"
10145,1243," Администрирование                                                                                ","ADMIN","Smart Remont"
10146,1243," Настройка пользователя                                                                            ","ADD_USER","Smart Remont"
10147,1254," Работа с клиентом                                                                                ","CLIENT_PROCESS","Smart Remont"
10148,1255," Пересчитать смету (черновая)                                                                     ","fill_material_smeta_dirty","Smart Remont"
10149,1255," Создать заявки поставщику из смету (черновая)                                                     ","create_request_smeta_dirty","Smart Remont"
10150,1256," Подтверждение замеров планировки                                                                  ","planirovka_measure_confirm","Smart Remont"
10151,1237," Изменение надбавки в материалах поставщика                                                        ","material_provider_increase","Smart Remont"
10152,1257," Добавление/Редактирование/Удаление типов работ                                                    ","partner_work_upd","Smart Remont"
10153,1244," Инвентаризация сверка остатков                                                                    ","INVENT_REPORT_CHECK_QTY","Smart Remont"
10154,1253," Изменение замеров ремонта после внесения                                                          ","remont_measure_change","Smart Remont"
10155,1237," Создание гарантийной заявки                                                                       ","provider_request_additional_warranty","Smart Remont"
10156,1244," Сверка остатков 1С и SR                                                                           ","1C_OSTATOK_CHECK_QTY","Smart Remont"
10157,1236," Одобрения или удаление запроса на изменения цены материала поставщика                             ","mp_buffer_price_material","Smart Remont"
10158,1237," Создание перемещения со склада ответхранения поставщика                                           ","ff_request_release_create","Smart Remont"
10159,1247," Ссылка на авторизацию разраб.тех.проекта                                                          ","AUTH_LINK_TECH_PROJECT","Smart Remont"
10160,1247," Ссылка на авторизацию аудиторы                                                                    ","AUTH_LINK_AUDITOR","Smart Remont"
10161,1253," Назначение подрядчика на ремонт                                                                   ","upd_remont_contractor","Smart Remont"
10162,1244," Добавить промежуточный инвент                                                                     ","temp_invent","Smart Remont"
10163,1244," Отчет промежуточного инвента                                                                      ","report__temp_invent","Smart Remont"
10164,1254," Просмотр смс у клиента                                                                            ","SMS_SHOW","Smart Remont"
10165,1251," Редактирование групп поверхностей                                                                 ","WORK_SET_GROUPING_UPD","Smart Remont"
10166,1251," Привязка поверхностей к группам                                                                   ","WORK_SET_GROUPING_SET_UPD","Smart Remont"
10167,1251," Привязка поверхностей                                                                             ","WORK_SET_REL_UPD","Smart Remont"
10168,1253," Признак реализации в ремонте                                                                      ","remont_agreement_implemented","Smart Remont"
10169,1251," Цены пакетов работ                                                                                ","work_pack_contractor_price_upd","Smart Remont"
10170,1251," Пакеты работ                                                                                      ","work_pack_upd","Smart Remont"
10171,1251," Привязка пакетов работ                                                                            ","work_pack_detail_upd","Smart Remont"
10172,1251," Привязка типов комнат к пакетам работ подрядов                                                    ","work_pack_detail_room_upd","Smart Remont"
10173,1251," Цены конструктивов для подрядов                                                                   ","contractor_work_set_price_upd","Smart Remont"
10174,1258," Удаление/Добавление документов на утвержденные ДС                                                 ","ds_accepted_insert_del_doc","Smart Remont"
10175,1235," Лимиты сделок хантеров                                                                            ","hunter_deal_limit_upd","Smart Remont"
10176,1237," Создание доп заявок поставщику                                                                    ","provider_request_additional_create","Smart Remont"
10177,1244," Обход триггера по закрытию дней                                                                   ","WAREHOUSE_TRIGGER","Smart Remont"
10178,1249," Показать настройки генератора отчетов                                                             ","REPORT_SETTING_READ","Smart Remont"
10179,1236," Возврат материалов с ЖК                                                                           ","REFUND_FLAT","Smart Remont"
10180,1236," Возврат материалов с ЖК принять                                                                   ","REFUND_FLAT_ACCEPT","Smart Remont"
10181,1236," Возврат материалов поставщику                                                                     ","REFUND_PROVIDER","Smart Remont"
10182,1236," Возврат материалов поставщику Принять                                                             ","REFUND_PROVIDER_ACCEPT","Smart Remont"
10183,1244," Все склады в выпадающем списке                                                                    ","WAREHOUSE_SHOW_ALL","Smart Remont"
10184,1258," Редактирование ДС                                                                                 ","upd_ds","Smart Remont"
10185,1258," Удаление ДС                                                                                       ","del_ds","Smart Remont"
10186,1258," права на удаления и/загрузку документов ДС до утверждения                                         ","ds_accept_upd_del_doc","Smart Remont"
10187,1235," Добавление и редактирование платежа клиента(upd_client_request_payment)                           ","upd_client_request_payment","Smart Remont"
10188,1235," Добавление и редактирование платежей в ремонте                                                    ","upd_remont_costs","Smart Remont"
10189,1235," Удаление платежей в ремонте                                                                       ","del_remont_costs","Smart Remont"
10190,1258," Добавление/редактирование документа в заявке                                                      ","client_request_upd_doc","Smart Remont"
10191,1258," Удаление документа в заявке                                                                       ","client_request_del_doc","Smart Remont"
10193,1258," В ДС показывать неактивные подборы                                                                ","SHOW_NOT_ACTIVE_PRESET_KITS","Smart Remont"
10194,1248," Изменение документов ДА                                                                           ","defect_doc_del","Smart Remont"
10195,1237," Изменение даты отгрузки материала в заявке поставщику                                             ","provider_request_date_shipping_change","Smart Remont"
10196,1237," Смена поставщика/тип в заявках FullFillment                                                       ","ff_request_is_from_warehouse_change","Smart Remont"
10197,1254," Блокировка, разблокировка клиентов                                                                ","UNBLOCK_CLIENT","Smart Remont"
10198,1244," Смена склада SR в заявка                                                                          ","provider_request_change_warehouse","Smart Remont"
10199,1256," URL картинка планировки                                                                           ","bi_plan_url_get","Smart Remont"
10200,1256," Обновление картинки планировки                                                                    ","plan_image_upd","Smart Remont"
10201,1258," Удаление подписи ЭЦП в спецификации                                                               ","contractor_agreement_del_sign","Smart Remont"
10202,1235," Создание минусового платежа у клиента                                                             ","create_minus_payment_client","Smart Remont"
10203,1235," Удаление/Добавление правил платежей                                                               ","payment_rule_upd","Smart Remont"
10204,1235," Удаление/Добавление деталей правил платежей                                                       ","payment_rule_detail_upd","Smart Remont"
10205,1251," Лимиты пакетов работ                                                                              ","work_pack_limit_upd","Smart Remont"
10206,1237," Групповое утверждение заявки производством                                                        ","provider_request_contractor_approve","Smart Remont"
10207,1237," Отгрузка день в день                                                                              ","current_date_shipping","Smart Remont"
10208,1236," Объем работ по наборам                                                                            ","material_set_work_upd","Smart Remont"
10209,1235," Добавелние оплаты мастеру                                                                         ","PARTNER__AddCostPaybox","Smart Remont"
10210,1237," Изменение даты отгрузок                                                                           ","PARTNER__ProviderRequestChangeDateShipping","Smart Remont"
10211,1237," Изменение даты отгрузки материалов в заявке                                                       ","PARTNER__ProviderRequestItemChangeDateShipping","Smart Remont"
10212,1237," Изменение статуса материалов в заявке на 'Утвержден подрядчиком'                                  ","PARTNER__ProviderRequestItemApprove","Smart Remont"
10213,1237," Изменение статусов определенных материалов в заявке                                               ","PARTNER__SpecificProviderRequestItemChangeStatus","Smart Remont"
10214,1237," Создание дополнительной заявки                                                                    ","PARTNER__ProviderRequestAdditionalCreate","Smart Remont"
10215,1235," Создание платежей за кухню                                                                        ","upd_remont_costs_kitchen","Smart Remont"
10216,1237," Перевод заявки поставщиков SR в статус Оплачен подрядчиком                                        ","provider_request_pay_accept","Smart Remont"
10217,1257," Добавление, Изменение и Удаление мастера                                                          ","PARTNER__TeamMasterCUD","Smart Remont"
10218,1257," Добавление, Изменение и Удаление бригады                                                          ","PARTNER__TeamCUD","Smart Remont"
10219,1257," Изменение бригады ремонта                                                                         ","PARTNER__ChangeRemontTeam","Smart Remont"
10220,1257," Добавление, Изменение и Удаление сотрудника                                                       ","PARTNER__EmployeeCUD","Smart Remont"
10221,1257," Изменение активности сотрудника                                                                   ","PARTNER__EmployeeChangeActiveness","Smart Remont"
10222,1257," Сбрасывание пароля Partner                                                                        ","PARTNER__EmployeeResetPassword","Smart Remont"
10223,1257," Изменение ЖК для сотрудника                                                                       ","PARTNER__EmployeeResidentChange","Smart Remont"
10224,1257," Изменение Роли для сотрудника                                                                     ","PARTNER__EmployeeGroupChange","Smart Remont"
10225,1257," Изменение Подрядчика для сотрудника                                                               ","PARTNER__EmployeeContractorChange","Smart Remont"
10226,1257," Изменение Города для сотрудника                                                                   ","PARTNER__EmployeeCityChange","Smart Remont"
10227,1257," Добавление, Изменение и Удаление дохода                                                           ","PARTNER__ContractorIncomeCUD","Smart Remont"
10228,1257," Добавление, Изменение и Удаление расхода                                                          ","PARTNER__ContractorCostCUD","Smart Remont"
10229,1257," Редактирование сроков работ по подборам                                                           ","preset_kit_term_upd","Smart Remont"
10230,1253," Изменение подрядчика во время ремонта                                                             ","upd_remont_contractor_second","Smart Remont"
10231,1257," Редактирование надбавок поборов по комнатностям                                                   ","preset_kit_room_price_upd","Smart Remont"
10232,1237," Массовый перевод в есть наличии в ЛК поставщика                                                   ","PROVIDER__RequestItemsChangeStatusesAll","Smart Remont"
10233,1237," Настройка статусов заявок поставщику                                                              ","PR_STATUS_LINK","Smart Remont"
10234,1237," Измение доступа на смену статуса заявки поставщику                                                ","PR_STATUS_RIGHT","Smart Remont"
10235,1244," Комментарии в трансферах                                                                          ","transfer_comment_upd","Smart Remont"
10236,1244," В трансфере все склады                                                                            ","wh__transfer_warehouse_all","Smart Remont"
10237,1252," Обновление типов материалов на этапах ГПР                                                         ","gpr_stage_material_type_upd","Smart Remont"
10238,1237," Удаление позиции из правой части заявки поставщику                                                ","del_provider_request_invoice_item","Smart Remont"
10239,1237," Создание перемещение со склада ответхранения (Beestroy, Белвуд, Евроэлектрика)                    ","provider_request_release_create","Smart Remont"
10241,1259," Изменение даты и номера накладной(параметры)                                                      ","manual__ff_invoice_upd","Smart Remont"
10242,1259," Изменение статуса ремонта с закончен на гарантию(параметры)                                       ","manual__warranty_extend","Smart Remont"
10243,1259," Изменение ИИН клиента, № договора, дату договора в заявке на ремонт(параметры)                    ","manual__upd_client","Smart Remont"
10244,1259," Удаление платежа клиента(параметры)                                                               ","manual__del_client_request_payment","Smart Remont"
10245,1259," Перенес платежа клиента на другую заявку на ремонт(параметры)                                     ","manual__move_client_request_payment","Smart Remont"
10246,1236," Комментарии (Возврат материала по обмену)                                                         ","refund_comment_upd","Smart Remont"
10247,1235," Создание отрицательного платёжа (manual__client_request_payment_is_return)                        ","manual__client_request_payment_is_return","Smart Remont"
10248,1260," Редактирование причин отказа (CRM office)                                                         ","deny_reason_upd","Smart Remont"
10249,1261," Изменение сроков ремонтов для аналитики                                                           ","avg_remont_days_tab__modify","Smart Remont"
10250,1259," Ручное изменение грейда заявки на ремонт в статусе Гарантия                                       ","manual__grade_upd_warranty","Smart Remont"
10251,1259," Изменения юридической даты начала ремонта                                                         ","upd_jur_remont_date_begin_not_null","Smart Remont"
10253,1259," Ручное создание спецификации дизайн студии                                                        ","manual__design_studio_specification_create","Smart Remont"
10254,1259," Ручное создание  ДС к спецификации дизайн студии                                                  ","manual__design_studio_ds_create","Smart Remont"
10255,1259," Изменение логина клиента по заявке на ремонта                                                     ","manual__upd_client_login_number","Smart Remont"
10256,1259," Выходные и праздничные дни                                                                        ","holiday_upd","Smart Remont"
10257,1237," Показать статус Отменить в заявке поставщиков                                                     ","provider_request_cancel","Smart Remont"
10258,1247," Ссылка на авторизацию под клиентом                                                                ","CLIENT_AUTH_LINK","Smart Remont"
10259,1249," Список отчетов для руководителей (Настройки)                                                      ","mng_report_tab__modify","Smart Remont"
10260,1249," Поля отчета для руководителей(Настройки)                                                          ","mng_report_field_tab__modify","Smart Remont"
10261,1237," Редактирование материала в заявке поставщиков в правой стороне                                    ","upd_provider_request_invoice_item","Smart Remont"
10262,1237," Добавление накладной в заявке поставщиков                                                         ","insert_provider_request_invoice","Smart Remont"
10263,1249," Список условий отчета для руководителей(Настройки)                                                ","mng_report_where_tab__modify","Smart Remont"
10264,1237," Просмотр накладных заявки поставщиков                                                             ","read_provider_request_invoice","Smart Remont"
10265,1262," Условия цветов (Настройки ОР)                                                                     ","color_condition_tab__modify","Smart Remont"
10266,1262," Цвета (Настройки ОР)                                                                              ","mng_report_color_tab__modify","Smart Remont"
10267,1262," Зависимые условия для отчета руководителей (Настройки)                                            ","where_multi_tab__modify","Smart Remont"
10268,1262," Зависимые условия светофора для ОР (Настройки)                                                    ","color_condition_multi_tab__modify","Smart Remont"
10269,1262," Зависимые условия полей для ОР                                                                    ","report_field_multi_tab__modify","Smart Remont"
10270,1259," Удаление накладной SR (manual__pr_invoice_del)                                                    ","manual__pr_invoice_del","Smart Remont"
10271,1257," Обход проверки суммы при смене подрядчика                                                         ","check_sum_change_contractor_second","Smart Remont"
10272,1259," Изменение статуса в журнале договоров (в спецификации)                                            ","manual__contractor_agreement_change_status","Smart Remont"
10273,1236," Редактирование абстрактных материалов                                                             ","abs_material_tab__modify","Smart Remont"
10274,1236," Зависимые материалы абстрактного материала                                                        ","abs_material_item_tab__modify","Smart Remont"
10275,1237," Просмотр деталей заявки поставщиков                                                               ","provider_request_item_read","Smart Remont"
10276,1257," Одобрения или удаление запроса на изменения цены материала поставщика (Подрядчик)                 ","mp_buffer_price_contractor","Smart Remont"
10277,1257," Создание чернового материала подрядчиком                                                          ","material__zakup_upd_dirty","Smart Remont"
10278,1262," Редактирование групп отчетов (ОР)                                                                 ","mng_report_group_tab__modify","Smart Remont"
10279,1262," Редактирование связи группы с отчетами (ОР)                                                       ","mng_report_group_link_modify","Smart Remont"
10280,1262," Редактирование связи группы с ролями (ОР)                                                         ","mng_report_group_role_modify","Smart Remont"
10281,1237," Изменение Кол-во в ед.продаж                                                                      ","provider_request_qty_delivery_change","Smart Remont"
10282,1256," Смена ЖК в планировке                                                                             ","plan_resident_change","Smart Remont"
10283,1251," Заполнение кол-ва материалов в ТК                                                                 ","constrcutor_fill_material_cnt","Smart Remont"
10284,1262," Назначение действии для ОР                                                                        ","mng_report_action_modify","Smart Remont"
10285,1251," Прикрепление чеклистов к конструктивам                                                            ","work_set_check_modify","Smart Remont"
10286,1254," Перевод заявок в отказ                                                                            ","client_request_cancel","Smart Remont"
10287,1254," Возврат заявок из отказа                                                                          ","client_request_canceled_return","Smart Remont"
10288,1251," Группы чеклистов для конструктивов                                                                ","work_set_check_group_tab__modify","Smart Remont"
10289,1258," Создание доп.спецификации                                                                         ","contractor_agreement_list_insert","Smart Remont"
10290,1262," Действия по ролям (ОР)                                                                            ","action_role_modify","Smart Remont"
10291,1237," Изменение статуса с Отгружен на Утвержден подрядчиком                                             ","change_status_300_1500","Smart Remont"
10292,1251," Конструктивы по ЖК                                                                                ","ws_resident_link","Smart Remont"
10293,1251," Конструктивы по планировкам                                                                       ","ws_plan_link","Smart Remont"
10294,1249," Отчет реализации для дизайн студии                                                                ","report__realistaion_for_design","Smart Remont"
10295,1256," Изменение замеров дизайнера                                                                       ","upd_design_measure","Smart Remont"
10296,1256," Чек лист ""Встреча на объекте проведена""                                                           ","MEET_ON_PLACE","Smart Remont"
10297,1244," Создать трансфер по лоту                                                                          ","create_transfer_by_lot","Smart Remont"
10298,1237," Удаление накладных поставщика                                                                     ","del_provider_request_invoice","Smart Remont"
10299,1239," Отмена утверждения проекта                                                                        ","remont_project_accept_deny","Smart Remont"
10300,1237," Сажать правую сторону не смотря на цену в течение 1 месяца                                        ","provider_request_check_sum_items_not","Smart Remont"
10301,1241," Удаление гарантийной заявки                                                                       ","GRT_REQUEST_DEL","Smart Remont"
10302,1237," Сажать правую сторону не смотря на цену за любой период                                           ","provider_request_check_sum_items_not_all","Smart Remont"
10303,1263," Создание ПМ BI                                                                                    ","bi_pm_user_create","Smart Remont"
10304,1258," Шаблоны ДС                                                                                        ","ds_type_template__modify","Smart Remont"
10305,1236," Просмотр запроса на изменение цены                                                                 ","mp_buffer_price_material_read","Smart Remont"
10306,1257," Просмотр запроса на изменение цены подрядчиком (черновые)                                         ","mp_buffer_price_contractor_read","Smart Remont"
10307,1259," Ручное создание реализации для расторженных ремонтов                                              ","manual__remont_realisation_create","Smart Remont"
10308,1258," Изменение журнала штрафов                                                                         ","contractor_agreement_penalty_upd","Smart Remont"
10309,1257," uncheck_upd                                                                                       ","uncheck_upd","Smart Remont"
10310,1256," Жилые комплексы - редактирование                                                                  ","resident_list_upd","Smart Remont"
10311,1258," Создание ДС с прошедшей датой                                                                     ","CREATE_DS_PAST_DATE","Smart Remont"
10312,1254," Ручная отправка смс                                                                               ","sms_notify__manual","Smart Remont"
10313,1254," Переотправка смс                                                                                  ","sms_notify__resend","Smart Remont"
10314,1236," Обнуление цены материала в ДС (upd_ds_item_price)                                                 ","zero_ds_item_price","Smart Remont"
10315,1240," Редактирование акций                                                                              ","upd_sale","Smart Remont"
10316,1244," Открыть/Закрыть инвентаризацию                                                                    ","upd_invent_status","Smart Remont"
10317,1254," Ручное открытие периода ожидания клиента                                                          ","UPD_ACCEPT_PERIOD","Smart Remont"
10318,1264," Редактирование сервисов                                                                           ","service_tab__modify","Smart Remont"
10319,1264," Редактирование тарифов по сервисам                                                                ","service_tariff_tab__modify","Smart Remont"
10320,1264," Связка сервисов                                                                                   ","service__link","Smart Remont"
10321,1244," Закрыть инвент                                                                                     ","invent_claim","Smart Remont"
10323,1244," Откатить трансфер                                                                                 ","manual__transfer_cancel","Smart Remont"
10324,1254," Удаление АПП клиента                                                                              ","DEL_APART_PASS_ACT_CL","Smart Remont"
10325,1235," Отправление реализации в 1с                                                                       ","set_send_to_1c_realisation","Smart Remont"
10326,1237," Прикрепление договора к материалам поставщика                                                     ","upd_material_provider_agreement","Smart Remont"
10327,1251," Редактирование цены конструктивов                                                                 ","contractor_work_set_tariff_upd","Smart Remont"
10328,1239," Пересчитать реализацию                                                                            ","remont_realisation_recount_full","Smart Remont"
10329,1251," Удаление тарифов конструктивов                                                                    ","del_contractor_work_set_tariff","Smart Remont"
10330,1257," Не проверять минимальную дату ремонта (remont_id)                                                 ","uncheck_min_date_check","Smart Remont"
10331,1257," Не проверять Оплату по спецификации подрядчика должна быть от 95 до 100 процентов (remont_id)     ","uncheck_contractor_payed_check","Smart Remont"
10332,1257," Создание спецификаций ремонтов вне статуса Создан                                                 ","uncheck_specification_create_check","Smart Remont"
10333,1237," Просмотр заявок поставщиков (общий)                                                               ","read_provider_request_for_all_remont","Smart Remont"
10334,1239," Просмотр реализаций                                                                               ","remont_realisation_read","Smart Remont"
10335,1258," Просмотр всех документов                                                                          ","client_request_read_doc","Smart Remont"
10336,1235," Просмотр платежей клиента                                                                         ","read_client_request_payment","Smart Remont"
10337,1235," Просмотр траншей клиента                                                                          ","client_request_tranche_read","Smart Remont"
10338,1235," Просмотр всех исходящих платежей                                                                  ","read_remont_costs_by_groups","Smart Remont"
10339,1235," Канбан инициация платежей нажатие галочки Исполнен                                                ","KNB_INIT_PAYMENT_COMPLETE","Smart Remont"
10340,1235," Канбан инициация платежей проставление Даты платежа                                               ","KNB_INIT_PAYMENT_PAY_DATE","Smart Remont"
10341,1235," Изменение статьи затрат                                                                           ","payment_costs_type_upd","Smart Remont"
10342,1265," Редактирование подборов по классам ЖК для ДДУ                                                     ","ddu_resident_class_preset_kit_tab__modify","Smart Remont"
10343,1243," Назначение меню и прав пользователю и ролям                                                       ","employee_grant_tab_upd","Smart Remont"
10344,1258," Отмена спецификаций                                                                               ","specification_cancel","Smart Remont"
10345,1258," Шаблоны документов                                                                                ","template__modify","Smart Remont"
10348,1251," Удаление обязательных конструктивов                                                               ","required_workset_delete","Smart Remont"
10349,1253," Назначение контрагентов                                                                           ","upd_remont_second_contractor","Smart Remont"
10350,1253," Изменение сопровождения в ремонте                                                                 ","upd_remont_second_support","Smart Remont"
10351,1253," Назначение дизайн студии повторное                                                                ","upd_remont_second_design","Smart Remont"
10352,1253," Повторное назначение ген подряда                                                                  ","upd_remont_second_general_contractor","Smart Remont"
10353,1244," Показать поставщиков со склада                                                                    ","supplier_warehouse_provider_request_show","Smart Remont"
10354,1264," Просмотр запроса на изменение цены услуг                                                           ","mp_buffer_price_service_read","Smart Remont"
10356,1264," Одобрения или удаление запроса на изменения цены материала поставщика услуга                      ","mp_buffer_price_service","Smart Remont"
10357,1254," Поменять грейд заявки                                                                             ","client_request__update_grade","Smart Remont"
10358,1254," Добавить таймлайн                                                                                 ","client_request__add_timeline","Smart Remont"
10359,1254," Активация/Деактивация таймлайна                                                                   ","client_request__update_is_stop_timeline","Smart Remont"
10360,1253," Доступы на галочки в ремонте                                                                      ","upd_position_mark_type","Smart Remont"
10361,1236," Скидочные материалы                                                                               ","promo_material_upd","Smart Remont"
10362,1253," Первичное назначение подрядчика на ремонт                                                         ","upd_remont_first_contractor","Smart Remont"
10363,1253," Назначение главного подрядчика                                                                    ","upd_remont_contractor_main","Smart Remont"
10364,1266," Показать действия                                                                                 ","read_activity","Smart Remont"
10365,1266," Показать действия в шаге                                                                          ","read_step_activity","Smart Remont"
10366,1266," Удалить действие в шаге                                                                           ","delete_step_activity","Smart Remont"
10367,1266," Редактировать действие в шаге                                                                     ","upd_step_activity","Smart Remont"
10368,1266," Добавить действие в шаг                                                                           ","add_step_activity","Smart Remont"
10369,1266," Редактировать действие                                                                            ","upd_activity","Smart Remont"
10370,1266," Удалить действие                                                                                  ","delete_activity","Smart Remont"
10371,1266," Добавить действие                                                                                 ","add_activity","Smart Remont"
10372,1266," Добавить шаг                                                                                      ","add_step","Smart Remont"
10373,1266," Редактировать шаг                                                                                 ","upd_step","Smart Remont"
10374,1266," Удалить шаг                                                                                       ","delete_step","Smart Remont"
10375,1266," Показать шаги                                                                                     ","read_step","Smart Remont"
10376,1249," Отчеты по NPS                                                                                     ","report__nps_right","Smart Remont"
10377,1253," Принятие МП группы работ                                                                          ","check_group_call__design_check","Smart Remont"
10379,1266," Показать шаги в грейде                                                                            ","read_grade_step_for_handbook","Smart Remont"
10380,1266," Добавить шаг в грейд                                                                              ","add_grade_step_for_handbook","Smart Remont"
10381,1266," Активировать/Деактивировать шаг в грейде                                                          ","upd_grade_step_for_handbook","Smart Remont"
10382,1266," Удалить шаг в грейде                                                                              ","delete_grade_step_for_handbook","Smart Remont"
10383,1266," Показать предшествующие связанные шаги                                                            ","read_grade_step_link","Smart Remont"
10384,1266," Добавить предшествующий связанный шаг                                                             ","add_grade_step_link","Smart Remont"
10385,1266," Удалить предшествующий связанный шаг                                                              ","delete_grade_step_link","Smart Remont"
10386,1266," Показать условия                                                                                  ","read_step_condition","Smart Remont"
10387,1266," Добавить условие в шаг                                                                            ","add_step_condition","Smart Remont"
10388,1266," Редактировать условие в шаге                                                                      ","update_step_condition","Smart Remont"
10389,1266," Удалить условие в шаге                                                                            ","delete_step_condition","Smart Remont"
10390,1237," Изменение даты отгрузки чернового материала в заявке  поставщику (Обращаться к Арай из Beestroy)  ","provider_request_date_shipping_change_dirty","Smart Remont"
10391,1237," Изменение названия материала поставщика подрядов                                                  ","material_provider_contractor","Smart Remont"
10392,1257," Удаление                                                                                          ","contractor_work_set_upd","Smart Remont"
10393,1258," Отправка ДС на подписание Изменение площадей не нулевой стоимости                                 ","ds_send_sign_room_change","Smart Remont"
10394,1258," Изменение суммы ДС Изменение площадей                                                             ","ds__set_manual_sum_room_change","Smart Remont"
10395,1258," Вручное изменение суммы ДС                                                                        ","ds__set_manual_sum","Smart Remont"
10397,1255," Просмотр деталей сметы ремонта                                                                    ","show_sebes_smeta","Smart Remont"
10398,1237," Расчет планирования материалов поставщиком                                                        ","fill_shipment_plan","Smart Remont"
